order_id,user_id,eval_set,order_number,order_dow,order_hour_of_day,days_since_prior_order
2539329,1,prior,1,2,08,
2398795,1,prior,2,3,07,15.0
473747,1,prior,3,3,12,21.0
2254736,1,prior,4,4,07,29.0
431534,1,prior,5,4,15,28.0
3367565,1,prior,6,2,07,19.0
550135,1,prior,7,1,09,20.0
3108588,1,prior,8,1,14,14.0
2295261,1,prior,9,1,16,0.0
2550362,1,prior,10,4,08,30.0
1187899,1,train,11,4,08,14.0
2168274,2,prior,1,2,11,
1501582,2,prior,2,5,10,10.0
1901567,2,prior,3,1,10,3.0
738281,2,prior,4,2,10,8.0
1673511,2,prior,5,3,11,8.0
1199898,2,prior,6,2,09,13.0
3194192,2,prior,7,2,12,14.0
788338,2,prior,8,1,15,27.0
1718559,2,prior,9,2,09,8.0
1447487,2,prior,10,1,11,6.0
1402090,2,prior,11,1,10,30.0
3186735,2,prior,12,1,09,28.0
3268552,2,prior,13,4,11,30.0
839880,2,prior,14,3,10,13.0
1492625,2,train,15,1,11,30.0
1374495,3,prior,1,1,14,
444309,3,prior,2,3,19,9.0
3002854,3,prior,3,3,16,21.0
2037211,3,prior,4,2,18,20.0
2710558,3,prior,5,0,17,12.0
1972919,3,prior,6,0,16,7.0
1839752,3,prior,7,0,15,7.0
3225766,3,prior,8,0,17,7.0
3160850,3,prior,9,0,16,7.0
676467,3,prior,10,3,16,17.0
521107,3,prior,11,0,18,11.0
1402502,3,prior,12,1,15,15.0
2774568,3,test,13,5,15,11.0
3343014,4,prior,1,6,11,
2030307,4,prior,2,4,11,19.0
691089,4,prior,3,4,15,21.0
94891,4,prior,4,5,13,15.0
2557754,4,prior,5,5,13,0.0
329954,4,test,6,3,12,30.0
2717275,5,prior,1,3,12,
1909121,5,prior,2,0,16,11.0
2267326,5,prior,3,3,18,10.0
157374,5,prior,4,1,18,19.0
2196797,5,train,5,0,11,6.0
2086598,6,prior,1,5,18,
298250,6,prior,2,4,16,6.0
998866,6,prior,3,2,18,12.0
1528013,6,test,4,3,16,22.0
2565571,7,prior,1,3,09,
2402008,7,prior,2,1,19,30.0
121053,7,prior,3,0,18,30.0
1695742,7,prior,4,2,10,9.0
3321109,7,prior,5,5,18,3.0
1682003,7,prior,6,1,18,10.0
1014379,7,prior,7,1,15,7.0
776265,7,prior,8,2,12,8.0
2507052,7,prior,9,6,07,4.0
1396119,7,prior,10,1,20,9.0
565870,7,prior,11,0,15,6.0
3239072,7,prior,12,0,14,7.0
1175028,7,prior,13,5,15,5.0
3060817,7,prior,14,1,13,17.0
3120740,7,prior,15,3,16,2.0
2425840,7,prior,16,0,13,11.0
23391,7,prior,17,0,10,28.0
2984707,7,prior,18,0,09,7.0
369015,7,prior,19,3,12,3.0
2452257,7,prior,20,3,09,7.0
525192,7,train,21,2,11,6.0
600894,8,prior,1,6,00,
2979257,8,prior,2,1,08,30.0
2570360,8,prior,3,5,00,30.0
880375,8,train,4,1,14,10.0
280530,9,prior,1,1,17,
2762092,9,prior,2,0,14,6.0
1830137,9,prior,3,5,12,30.0
1094988,9,train,4,6,10,30.0
1224907,10,prior,1,2,14,
68288,10,prior,2,5,15,30.0
2115522,10,prior,3,3,19,12.0
83395,10,prior,4,3,15,14.0
1353310,10,prior,5,5,20,23.0
1822501,10,train,6,0,19,30.0
2411567,11,prior,1,0,11,
1170872,11,prior,2,5,11,12.0
2840752,11,prior,3,5,10,14.0
1611810,11,prior,4,5,13,30.0
2921164,11,prior,5,5,11,30.0
790927,11,prior,6,5,11,7.0
1468214,11,prior,7,5,09,30.0
1376945,11,test,8,6,11,8.0
1483446,12,prior,1,1,12,
1247527,12,prior,2,5,09,30.0
1916106,12,prior,3,5,08,14.0
1057378,12,prior,4,3,09,26.0
221248,12,prior,5,1,09,30.0
1356845,12,test,6,1,20,30.0
2618231,13,prior,1,6,12,
2560699,13,prior,2,0,11,8.0
2288946,13,prior,3,6,21,6.0
19256,13,prior,4,1,12,9.0
1378982,13,prior,5,0,13,6.0
2363981,13,prior,6,0,18,7.0
1906169,13,prior,7,0,08,7.0
1757094,13,prior,8,6,18,13.0
519471,13,prior,9,6,17,7.0
2298068,13,prior,10,6,22,7.0
1472646,13,prior,11,0,14,8.0
1789302,13,prior,12,6,13,6.0
1827621,13,train,13,0,21,8.0
2906263,14,prior,1,2,18,
3206747,14,prior,2,5,08,30.0
1366559,14,prior,3,0,14,2.0
1385564,14,prior,4,6,08,20.0
1691859,14,prior,5,5,08,30.0
2127409,14,prior,6,1,08,30.0
2505309,14,prior,7,5,10,30.0
3067644,14,prior,8,4,08,27.0
2109666,14,prior,9,5,09,30.0
1625325,14,prior,10,4,21,30.0
1335295,14,prior,11,1,05,25.0
2045336,14,prior,12,5,09,4.0
3394109,14,prior,13,5,05,7.0
2316178,14,train,14,2,19,11.0
2514324,15,prior,1,5,13,
3135826,15,prior,2,6,12,15.0
2564002,15,prior,3,6,12,7.0
714991,15,prior,4,1,11,16.0
3317979,15,prior,5,4,15,17.0
876095,15,prior,6,5,11,8.0
2685110,15,prior,7,1,11,17.0
3119091,15,prior,8,2,17,8.0
887727,15,prior,9,2,13,7.0
2570697,15,prior,10,2,10,21.0
2600170,15,prior,11,2,09,14.0
2883598,15,prior,12,1,08,6.0
2332087,15,prior,13,1,10,14.0
113728,15,prior,14,1,10,14.0
2968173,15,prior,15,1,09,7.0
3097485,15,prior,16,1,09,7.0
1870022,15,prior,17,2,16,8.0
1911383,15,prior,18,2,11,7.0
2345592,15,prior,19,5,11,3.0
2994589,15,prior,20,1,13,10.0
2715276,15,prior,21,1,09,7.0
487368,15,prior,22,1,10,14.0
2161313,15,test,23,1,09,7.0
1273676,16,prior,1,2,08,
875885,16,prior,2,1,13,20.0
1491849,16,prior,3,1,20,21.0
2704482,16,prior,4,6,14,12.0
3192400,16,prior,5,2,14,30.0
2000615,16,prior,6,0,14,26.0
1416320,16,test,7,0,13,7.0
1737705,17,prior,1,2,13,
1681401,17,prior,2,5,10,3.0
2680214,17,prior,3,3,10,5.0
3197376,17,prior,4,1,14,5.0
3237467,17,prior,5,6,17,5.0
2616505,17,prior,6,4,17,5.0
2648319,17,prior,7,1,13,4.0
2430354,17,prior,8,0,15,6.0
2373492,17,prior,9,3,13,3.0
900554,17,prior,10,0,15,4.0
805025,17,prior,11,4,15,4.0
912404,17,prior,12,2,14,5.0
1389057,17,prior,13,1,13,6.0
603534,17,prior,14,6,17,5.0
2660930,17,prior,15,2,16,3.0
1719551,17,prior,16,1,12,6.0
601444,17,prior,17,5,21,4.0
2956367,17,prior,18,6,12,8.0
2508834,17,prior,19,5,11,6.0
415389,17,prior,20,5,13,7.0
3141030,17,prior,21,2,12,4.0
603376,17,prior,22,6,16,4.0
3069802,17,prior,23,3,23,4.0
1683378,17,prior,24,1,10,5.0
2795254,17,prior,25,0,11,6.0
343199,17,prior,26,5,17,5.0
1385847,17,prior,27,4,10,6.0
3314059,17,prior,28,1,09,4.0
697863,17,prior,29,6,14,5.0
2148135,17,prior,30,6,15,0.0
3327122,17,prior,31,4,12,5.0
2760791,17,prior,32,1,22,4.0
2553089,17,prior,33,3,11,9.0
791858,17,prior,34,5,12,16.0
2773605,17,prior,35,6,13,8.0
674977,17,prior,36,3,12,30.0
2831726,17,prior,37,2,12,13.0
1385397,17,prior,38,1,15,30.0
348137,17,prior,39,5,16,11.0
3350883,17,prior,40,4,11,27.0
2180313,17,train,41,3,10,30.0
2780889,18,prior,1,6,18,
3106101,18,prior,2,0,17,1.0
1860960,18,prior,3,1,19,8.0
3133044,18,prior,4,0,16,6.0
1020460,18,prior,5,2,16,9.0
441977,18,prior,6,6,12,4.0
2461523,18,train,7,6,09,7.0
1321974,19,prior,1,6,13,
2293453,19,prior,2,5,14,6.0
2208892,19,prior,3,0,14,16.0
2808909,19,prior,4,5,12,5.0
1973799,19,prior,5,6,12,8.0
2474845,19,prior,6,5,13,20.0
532817,19,prior,7,4,17,6.0
2483716,19,prior,8,4,04,7.0
86918,19,prior,9,5,16,8.0
1735923,19,test,10,6,17,8.0
947722,20,prior,1,1,10,
157550,20,prior,2,3,16,2.0
3408319,20,prior,3,2,11,6.0
2741696,20,prior,4,2,11,7.0
1980631,20,test,5,1,11,30.0
2625565,21,prior,1,1,10,
2698037,21,prior,2,1,09,7.0
1166994,21,prior,3,1,13,7.0
129152,21,prior,4,1,14,14.0
62373,21,prior,5,1,14,7.0
2984916,21,prior,6,5,06,4.0
1716848,21,prior,7,5,09,28.0
3288630,21,prior,8,2,13,18.0
2592860,21,prior,9,4,10,2.0
1573906,21,prior,10,3,10,6.0
2102674,21,prior,11,1,15,12.0
534401,21,prior,12,1,09,21.0
2510446,21,prior,13,5,11,4.0
1082944,21,prior,14,1,09,10.0
3257456,21,prior,15,1,09,7.0
774475,21,prior,16,1,11,7.0
1953572,21,prior,17,2,15,1.0
1674891,21,prior,18,2,11,21.0
77791,21,prior,19,3,09,8.0
1413723,21,prior,20,1,10,12.0
1806047,21,prior,21,1,09,7.0
1431584,21,prior,22,3,09,9.0
2941505,21,prior,23,2,13,6.0
1322450,21,prior,24,5,08,3.0
1776467,21,prior,25,5,08,7.0
497940,21,prior,26,1,11,10.0
1735495,21,prior,27,3,08,9.0
1996394,21,prior,28,1,09,5.0
1110781,21,prior,29,2,09,8.0
2097221,21,prior,30,1,11,6.0
2057208,21,prior,31,3,15,9.0
865324,21,prior,32,1,13,12.0
3341737,21,prior,33,1,12,30.0
1854765,21,train,34,1,12,28.0
2300537,22,prior,1,3,07,
144358,22,prior,2,3,07,30.0
1219654,22,prior,3,0,21,4.0
2922708,22,prior,4,3,11,30.0
3393222,22,prior,5,5,21,16.0
2327987,22,prior,6,1,19,17.0
2455079,22,prior,7,6,17,5.0
634494,22,prior,8,5,09,13.0
1014994,22,prior,9,5,15,28.0
3227049,22,prior,10,3,19,5.0
2780464,22,prior,11,5,12,2.0
194741,22,prior,12,0,08,2.0
1766930,22,prior,13,5,10,5.0
3090814,22,prior,14,1,19,3.0
2647850,22,prior,15,4,10,30.0
139655,22,test,16,5,06,1.0
1792521,23,prior,1,5,14,
8382,23,prior,2,0,10,9.0
1902489,23,prior,3,5,12,5.0
1072926,23,prior,4,3,11,30.0
3402036,23,train,5,1,12,30.0
611214,24,prior,1,3,20,
1869748,24,prior,2,6,16,3.0
1511050,24,prior,3,3,21,30.0
2877797,24,prior,4,6,10,24.0
118133,24,prior,5,0,11,30.0
816714,24,prior,6,6,08,13.0
1415679,24,prior,7,0,08,15.0
3064712,24,prior,8,1,20,8.0
1640680,24,prior,9,1,08,30.0
3354579,24,prior,10,5,17,18.0
3320181,24,prior,11,4,14,6.0
2126098,24,prior,12,5,16,22.0
2586085,24,prior,13,2,11,11.0
1103927,24,prior,14,6,08,4.0
1368577,24,prior,15,0,10,15.0
2635041,24,prior,16,0,09,7.0
196008,24,prior,17,0,20,14.0
173172,24,prior,18,0,16,14.0
965160,24,train,19,0,16,0.0
2610576,25,prior,1,1,14,
2994388,25,prior,2,1,20,30.0
258751,25,prior,3,5,19,30.0
1411408,25,test,4,0,15,30.0
3229714,26,prior,1,2,15,
2284750,26,prior,2,5,11,10.0
1488077,26,prior,3,5,10,7.0
1798774,26,prior,4,4,20,6.0
2018734,26,prior,5,5,09,8.0
2827207,26,prior,6,2,15,11.0
2097636,26,prior,7,1,13,30.0
2923351,26,prior,8,3,11,30.0
2063028,26,prior,9,3,09,14.0
3350048,26,prior,10,3,14,7.0
135696,26,prior,11,4,17,8.0
232721,26,prior,12,4,17,7.0
2940603,26,test,13,5,14,8.0
361493,27,prior,1,3,09,
1662354,27,prior,2,2,17,6.0
965677,27,prior,3,3,08,1.0
2842504,27,prior,4,5,13,2.0
1007361,27,prior,5,2,15,4.0
2792524,27,prior,6,4,09,9.0
1771198,27,prior,7,2,14,5.0
1460681,27,prior,8,3,15,1.0
3317805,27,prior,9,4,13,1.0
3149167,27,prior,10,4,15,7.0
3141790,27,prior,11,5,11,1.0
1380784,27,prior,12,1,11,3.0
1659155,27,prior,13,2,17,1.0
1406911,27,prior,14,3,09,8.0
3247231,27,prior,15,1,14,5.0
2705360,27,prior,16,2,16,8.0
1523605,27,prior,17,2,09,7.0
3137551,27,prior,18,1,15,20.0
900590,27,prior,19,3,09,9.0
1060278,27,prior,20,1,16,12.0
1149132,27,prior,21,2,11,8.0
2729473,27,prior,22,3,08,8.0
612679,27,prior,23,2,13,6.0
3162630,27,prior,24,2,15,0.0
338996,27,prior,25,5,10,10.0
2305567,27,prior,26,5,14,7.0
1311494,27,prior,27,1,15,17.0
1641287,27,prior,28,3,10,2.0
654294,27,prior,29,3,14,0.0
1111867,27,prior,30,4,16,1.0
1194452,27,prior,31,2,14,5.0
3147283,27,prior,32,5,10,10.0
1666812,27,prior,33,4,15,6.0
2695034,27,prior,34,2,15,5.0
129025,27,prior,35,3,16,1.0
920968,27,prior,36,5,14,2.0
2005447,27,prior,37,1,10,3.0
1603399,27,prior,38,2,16,1.0
3176698,27,prior,39,1,14,6.0
3374715,27,prior,40,4,10,3.0
2392592,27,prior,41,5,10,1.0
1374792,27,prior,42,5,14,0.0
1849805,27,prior,43,5,15,0.0
225381,27,prior,44,2,14,4.0
3037479,27,prior,45,4,09,2.0
419099,27,prior,46,1,10,4.0
3359528,27,prior,47,2,14,1.0
1380270,27,prior,48,3,10,1.0
1067581,27,prior,49,3,14,0.0
3094422,27,prior,50,4,14,1.0
933179,27,prior,51,2,09,5.0
682914,27,prior,52,3,15,15.0
1149184,27,prior,53,2,09,6.0
65724,27,prior,54,4,15,2.0
2244394,27,prior,55,2,16,5.0
1025119,27,prior,56,3,11,1.0
1559403,27,prior,57,4,13,1.0
1615255,27,prior,58,5,08,1.0
1201330,27,prior,59,3,09,5.0
3146978,27,prior,60,4,15,1.0
230851,27,prior,61,1,13,4.0
771049,27,prior,62,2,10,1.0
7099,27,prior,63,3,10,1.0
2716757,27,prior,64,1,15,5.0
804483,27,prior,65,4,10,3.0
2325503,27,prior,66,1,12,4.0
1832360,27,prior,67,5,10,4.0
1560223,27,prior,68,2,08,4.0
2999232,27,prior,69,2,14,0.0
1250733,27,prior,70,3,15,1.0
2569634,27,prior,71,1,13,5.0
1225000,27,prior,72,1,13,7.0
994572,27,prior,73,5,14,4.0
2138705,27,prior,74,5,14,7.0
264488,27,prior,75,1,11,10.0
3276527,27,prior,76,1,14,0.0
625018,27,prior,77,1,08,7.0
568636,27,prior,78,5,15,4.0
2546638,27,prior,79,3,11,5.0
1837192,27,prior,80,2,08,6.0
1573122,27,prior,81,1,13,6.0
2614670,27,train,82,5,14,4.0
1138968,28,prior,1,0,14,
1589342,28,prior,2,5,13,19.0
3331846,28,prior,3,0,16,2.0
1782508,28,prior,4,3,16,17.0
1432100,28,prior,5,2,15,27.0
358148,28,prior,6,2,12,14.0
2657750,28,prior,7,1,17,6.0
2695156,28,prior,8,0,16,13.0
1584053,28,prior,9,1,15,30.0
1639907,28,prior,10,0,17,6.0
2760669,28,prior,11,0,07,30.0
1819575,28,prior,12,1,19,1.0
1272493,28,prior,13,5,17,11.0
279523,28,prior,14,2,13,18.0
2810971,28,prior,15,3,17,15.0
1481969,28,prior,16,4,12,1.0
181977,28,prior,17,5,13,1.0
979759,28,prior,18,0,17,9.0
2070736,28,prior,19,5,16,12.0
760273,28,prior,20,1,13,10.0
1385910,28,prior,21,2,17,1.0
1818037,28,prior,22,2,15,7.0
2195945,28,prior,23,1,14,6.0
1978052,28,prior,24,0,15,13.0
1192143,28,test,25,1,16,8.0
2064090,29,prior,1,5,11,
875452,29,prior,2,2,08,11.0
2657652,29,prior,3,2,10,14.0
2999889,29,prior,4,6,08,11.0
1207762,29,prior,5,1,11,9.0
370715,29,prior,6,5,11,11.0
1049206,29,prior,7,1,12,10.0
2655002,29,prior,8,4,13,10.0
685887,29,prior,9,6,13,9.0
3167222,29,prior,10,5,11,13.0
2865794,29,prior,11,5,09,7.0
1062536,29,prior,12,4,08,13.0
620971,29,prior,13,5,08,8.0
3090640,29,prior,14,1,13,17.0
3202175,29,prior,15,3,11,16.0
2376709,29,prior,16,1,11,12.0
1748639,29,prior,17,5,13,11.0
1647841,29,prior,18,5,11,14.0
3110252,29,train,19,4,11,13.0
375303,30,prior,1,1,13,
2156000,30,prior,2,1,10,7.0
3169631,30,prior,3,1,22,7.0
1645927,30,prior,4,2,13,22.0
986094,30,prior,5,2,11,30.0
2299885,30,prior,6,1,19,27.0
137318,30,prior,7,1,06,28.0
3333738,30,prior,8,1,08,30.0
62370,30,train,9,2,13,22.0
2150649,31,prior,1,5,11,
695934,31,prior,2,5,11,0.0
638062,31,prior,3,4,12,6.0
2135842,31,prior,4,3,13,6.0
2623412,31,prior,5,0,16,4.0
1183257,31,prior,6,0,16,7.0
1341128,31,prior,7,2,13,2.0
1120389,31,prior,8,0,11,5.0
3352995,31,prior,9,3,12,3.0
1593000,31,prior,10,3,08,7.0
2582407,31,prior,11,1,07,5.0
673583,31,prior,12,4,12,10.0
3035956,31,prior,13,3,11,6.0
2951746,31,prior,14,2,09,6.0
2258440,31,prior,15,1,08,6.0
2647083,31,prior,16,2,08,8.0
2231262,31,prior,17,3,11,8.0
963053,31,prior,18,3,11,0.0
813240,31,prior,19,0,17,4.0
1765409,31,prior,20,0,17,0.0
280888,31,test,21,4,09,18.0
134879,32,prior,1,3,12,
1275838,32,prior,2,3,12,30.0
1709286,32,prior,3,2,10,20.0
72626,32,prior,4,3,09,1.0
1210985,32,prior,5,1,23,30.0
3202221,32,test,6,1,13,30.0
2906103,33,prior,1,3,14,
2612991,33,prior,2,2,16,27.0
1537903,33,prior,3,1,19,30.0
3222866,33,test,4,6,17,19.0
2383661,34,prior,1,4,15,
1569834,34,prior,2,4,07,28.0
1916863,34,prior,3,4,14,21.0
1951139,34,prior,4,0,11,10.0
2344038,34,prior,5,0,15,21.0
698604,34,train,6,4,13,30.0
1269089,35,prior,1,5,21,
2562704,35,prior,2,3,16,26.0
1136841,35,prior,3,6,09,30.0
457048,35,prior,4,0,20,22.0
2880466,35,prior,5,5,16,30.0
1830981,35,prior,6,6,10,1.0
3309528,35,prior,7,3,18,4.0
1316279,35,prior,8,4,17,30.0
2903057,35,prior,9,4,16,28.0
707453,35,test,10,4,15,21.0
3285797,36,prior,1,4,17,
412111,36,prior,2,5,18,8.0
240889,36,prior,3,5,17,21.0
1602446,36,prior,4,1,11,10.0
2472897,36,prior,5,4,15,3.0
1626957,36,prior,6,5,15,15.0
453864,36,prior,7,6,14,15.0
2010389,36,prior,8,3,17,4.0
278124,36,prior,9,0,11,4.0
14400,36,prior,10,1,18,1.0
1145961,36,prior,11,5,19,4.0
746041,36,prior,12,0,16,9.0
682472,36,prior,13,6,15,20.0
3067639,36,prior,14,0,12,22.0
2640464,36,prior,15,5,17,12.0
479244,36,prior,16,3,21,5.0
409708,36,prior,17,0,15,11.0
423623,36,prior,18,4,17,18.0
664952,36,prior,19,0,08,3.0
2833188,36,prior,20,4,09,25.0
1185674,36,prior,21,0,09,3.0
2890966,36,prior,22,3,12,3.0
2671410,36,prior,23,4,17,22.0
1189699,36,prior,24,2,07,5.0
2138456,36,prior,25,4,10,9.0
669187,36,prior,26,3,18,6.0
1460684,36,prior,27,5,21,16.0
2795573,36,prior,28,0,11,16.0
1719560,36,prior,29,3,21,3.0
2693179,36,prior,30,3,21,0.0
903277,36,prior,31,6,12,10.0
2527665,36,prior,32,0,09,8.0
2230383,36,prior,33,3,19,3.0
793311,36,prior,34,6,11,10.0
1032510,36,prior,35,0,16,15.0
182125,36,prior,36,4,12,4.0
2710884,36,prior,37,4,12,7.0
1320132,36,test,38,0,08,3.0
327827,37,prior,1,2,10,
86313,37,prior,2,6,12,4.0
1354506,37,prior,3,0,01,8.0
2153671,37,prior,4,1,14,8.0
2449761,37,prior,5,2,14,8.0
484397,37,prior,6,5,17,10.0
2568429,37,prior,7,1,19,10.0
711999,37,prior,8,3,19,23.0
1145920,37,prior,9,6,14,17.0
1736749,37,prior,10,3,18,11.0
2484696,37,prior,11,4,11,8.0
712331,37,prior,12,6,22,30.0
1740853,37,prior,13,6,19,14.0
1394419,37,prior,14,5,14,20.0
1751600,37,prior,15,0,16,30.0
1854906,37,prior,16,5,17,5.0
1179244,37,prior,17,4,14,6.0
2615608,37,prior,18,5,17,15.0
2326295,37,prior,19,1,16,10.0
841710,37,prior,20,3,16,9.0
3268585,37,prior,21,2,13,13.0
1294288,37,prior,22,6,15,30.0
1727614,37,prior,23,5,16,6.0
1524161,37,train,24,0,13,16.0
2873174,38,prior,1,0,10,
1308004,38,prior,2,4,11,30.0
1588002,38,prior,3,0,11,17.0
1691300,38,prior,4,6,12,20.0
1244041,38,prior,5,0,14,22.0
718156,38,prior,6,6,09,13.0
894015,38,prior,7,6,10,28.0
795223,38,prior,8,6,18,28.0
3204829,38,prior,9,6,16,7.0
2980672,38,prior,10,5,08,27.0
725451,38,prior,11,0,00,9.0
2479273,38,prior,12,1,13,30.0
3173750,38,train,13,0,09,30.0
2782479,39,prior,1,0,12,
971516,39,prior,2,0,15,7.0
127769,39,prior,3,6,17,6.0
524816,39,prior,4,6,10,7.0
859009,39,prior,5,6,19,7.0
1493525,39,prior,6,0,12,15.0
2754717,39,prior,7,6,16,30.0
882556,39,test,8,6,13,7.0
2570028,40,prior,1,0,09,
2309440,40,prior,2,1,10,8.0
1469897,40,prior,3,6,11,12.0
2621404,40,prior,4,0,12,8.0
1132197,40,prior,5,6,09,20.0
2640967,40,prior,6,0,09,15.0
2215173,40,prior,7,0,08,21.0
423262,40,prior,8,0,10,7.0
1145465,40,prior,9,0,09,14.0
2431024,40,test,10,0,08,7.0
252244,41,prior,1,6,16,
2111787,41,prior,2,2,20,24.0
2838655,41,prior,3,0,13,30.0
2196695,41,prior,4,1,12,22.0
3083886,41,prior,5,0,19,27.0
2032076,41,train,6,0,20,30.0
940313,42,prior,1,2,10,
1816335,42,prior,2,1,15,6.0
19190,42,prior,3,1,19,7.0
77399,42,prior,4,1,09,7.0
2848715,42,prior,5,2,18,8.0
1560102,42,prior,6,1,19,13.0
232622,42,prior,7,3,13,9.0
378457,42,prior,8,0,10,11.0
521231,42,prior,9,3,19,24.0
2019391,42,prior,10,5,01,9.0
2315446,42,prior,11,3,18,19.0
2083588,42,prior,12,2,13,20.0
1602489,42,prior,13,4,12,9.0
2204386,42,prior,14,5,16,22.0
278626,42,prior,15,0,15,30.0
3034563,42,prior,16,0,13,14.0
2803975,42,train,17,0,11,14.0
606677,43,prior,1,1,18,
1530871,43,prior,2,4,19,24.0
656728,43,prior,3,4,11,7.0
634665,43,prior,4,3,18,6.0
2412774,43,prior,5,0,17,11.0
2580647,43,prior,6,4,16,4.0
1630444,43,prior,7,0,12,10.0
455561,43,prior,8,1,17,15.0
2187180,43,prior,9,4,12,3.0
3094389,43,prior,10,5,15,15.0
2770903,43,prior,11,0,12,9.0
1864787,43,train,12,5,11,26.0
1359969,44,prior,1,0,07,
462713,44,prior,2,1,09,30.0
2699868,44,prior,3,0,09,30.0
2436259,44,train,4,0,12,30.0
300892,45,prior,1,1,20,
784714,45,prior,2,6,19,12.0
374526,45,prior,3,3,20,18.0
1902833,45,prior,4,2,08,30.0
2827745,45,test,5,5,10,3.0
3345812,46,prior,1,1,16,
31801,46,prior,2,1,13,7.0
3102839,46,prior,3,1,16,0.0
2539168,46,prior,4,1,11,14.0
2518161,46,prior,5,1,17,30.0
1406544,46,prior,6,1,15,28.0
821110,46,prior,7,1,12,28.0
398975,46,prior,8,1,12,21.0
3198849,46,prior,9,1,16,14.0
1538381,46,prior,10,0,12,6.0
244623,46,prior,11,0,12,7.0
2998652,46,prior,12,0,16,14.0
1876837,46,prior,13,0,13,14.0
1945511,46,prior,14,0,14,14.0
2596585,46,prior,15,0,16,28.0
1254066,46,prior,16,0,15,21.0
2661433,46,prior,17,6,17,30.0
2681913,46,prior,18,0,09,22.0
2009771,46,prior,19,0,16,21.0
1947848,46,train,20,4,20,11.0
2857489,47,prior,1,5,16,
1303645,47,prior,2,6,15,1.0
2532123,47,prior,3,4,13,5.0
2201188,47,prior,4,2,10,12.0
1899315,47,prior,5,2,22,14.0
2906490,47,train,6,4,22,16.0
1035233,48,prior,1,6,16,
3166874,48,prior,2,5,13,27.0
2766710,48,prior,3,6,09,15.0
501067,48,prior,4,5,12,27.0
1643524,48,prior,5,6,10,29.0
1657641,48,prior,6,5,09,27.0
749250,48,prior,7,6,11,29.0
795269,48,prior,8,6,11,14.0
3067391,48,prior,9,5,18,13.0
555834,48,prior,10,5,22,14.0
2924697,48,train,11,5,18,14.0
1216869,49,prior,1,2,09,
2406693,49,prior,2,6,19,30.0
3283823,49,prior,3,5,14,30.0
1526098,49,prior,4,3,16,30.0
1557694,49,prior,5,1,12,19.0
379097,49,prior,6,1,11,30.0
500437,49,prior,7,2,15,30.0
1250641,49,prior,8,2,11,28.0
519514,49,train,9,4,12,2.0
1363380,50,prior,1,3,09,
3131103,50,prior,2,6,12,10.0
2197066,50,prior,3,1,13,9.0
3201640,50,prior,4,0,11,6.0
2756806,50,prior,5,4,14,11.0
1905727,50,prior,6,2,10,5.0
357849,50,prior,7,3,13,8.0
1673791,50,prior,8,6,14,3.0
1941871,50,prior,9,4,11,5.0
1431607,50,prior,10,2,10,5.0
935755,50,prior,11,6,09,4.0
771250,50,prior,12,3,18,4.0
218647,50,prior,13,6,14,10.0
482971,50,prior,14,4,11,5.0
1261865,50,prior,15,2,10,5.0
2102570,50,prior,16,1,08,13.0
1856643,50,prior,17,2,15,8.0
2199859,50,prior,18,1,10,6.0
505360,50,prior,19,3,11,2.0
2829245,50,prior,20,1,10,5.0
1077695,50,prior,21,1,13,14.0
3067010,50,prior,22,1,12,7.0
458687,50,prior,23,6,17,5.0
536094,50,prior,24,3,10,4.0
886814,50,prior,25,2,11,6.0
1291785,50,prior,26,1,13,6.0
1182191,50,prior,27,5,07,11.0
2333885,50,prior,28,2,10,4.0
3112215,50,prior,29,3,11,1.0
3276486,50,prior,30,3,12,7.0
2870447,50,prior,31,2,11,6.0
623555,50,prior,32,2,12,7.0
2443843,50,prior,33,5,07,10.0
867561,50,prior,34,0,22,2.0
2049647,50,prior,35,4,11,4.0
2981401,50,prior,36,1,11,4.0
2425696,50,prior,37,4,15,3.0
1177903,50,prior,38,1,07,4.0
2885215,50,prior,39,6,10,5.0
3285176,50,prior,40,3,09,4.0
1158241,50,prior,41,0,16,4.0
131991,50,prior,42,2,10,2.0
1237400,50,prior,43,6,09,4.0
3014513,50,prior,44,2,11,3.0
1368931,50,prior,45,1,12,6.0
1076291,50,prior,46,3,07,2.0
412136,50,prior,47,2,11,6.0
1939933,50,prior,48,0,10,5.0
3147929,50,prior,49,5,08,5.0
2018336,50,prior,50,1,11,3.0
1229178,50,prior,51,5,10,11.0
3044151,50,prior,52,1,09,3.0
3330597,50,prior,53,3,11,2.0
642111,50,prior,54,6,10,3.0
3205359,50,prior,55,1,10,2.0
182020,50,prior,56,0,13,6.0
636918,50,prior,57,5,12,5.0
2670599,50,prior,58,3,10,5.0
2236363,50,prior,59,1,11,5.0
2757345,50,prior,60,2,12,1.0
1915162,50,prior,61,5,11,3.0
373535,50,prior,62,2,11,4.0
3175017,50,prior,63,6,10,4.0
309687,50,prior,64,2,12,10.0
2740653,50,prior,65,1,13,6.0
2107003,50,prior,66,4,11,3.0
103726,50,prior,67,3,09,6.0
1750084,50,train,68,3,09,7.0
1099991,51,prior,1,3,14,
1505429,51,prior,2,2,14,13.0
2151817,51,prior,3,5,14,17.0
2174416,51,test,4,0,14,16.0
2497897,52,prior,1,1,09,
1318871,52,prior,2,1,10,7.0
1261384,52,prior,3,1,10,7.0
2100631,52,prior,4,1,11,7.0
580568,52,prior,5,2,10,8.0
1680554,52,prior,6,1,13,6.0
2428073,52,prior,7,2,07,8.0
1551977,52,prior,8,1,10,6.0
342306,52,prior,9,1,11,7.0
1520353,52,prior,10,2,10,8.0
2542086,52,prior,11,2,09,7.0
944694,52,prior,12,1,16,6.0
2906390,52,prior,13,1,10,7.0
1838593,52,prior,14,1,13,7.0
1268191,52,prior,15,2,11,8.0
2331002,52,prior,16,3,11,8.0
1122089,52,prior,17,2,10,6.0
1498922,52,prior,18,2,10,14.0
180919,52,prior,19,3,08,8.0
3146572,52,prior,20,1,13,5.0
2695875,52,prior,21,5,10,30.0
1307894,52,prior,22,1,09,10.0
1856103,52,prior,23,1,13,7.0
1030102,52,prior,24,2,09,8.0
3306717,52,prior,25,1,10,13.0
2127348,52,prior,26,5,13,18.0
1588305,52,prior,27,1,08,10.0
1647290,52,train,28,4,16,3.0
3364570,53,prior,1,5,19,
2239092,53,prior,2,1,17,17.0
227361,53,prior,3,3,15,16.0
3088145,53,train,4,2,10,13.0
79015,54,prior,1,2,19,
1546110,54,prior,2,0,22,5.0
3337837,54,prior,3,4,18,11.0
2548338,54,prior,4,1,19,4.0
1514655,54,prior,5,6,16,5.0
142873,54,prior,6,1,07,9.0
2008078,54,prior,7,6,13,5.0
631226,54,prior,8,5,16,13.0
3121842,54,prior,9,4,10,20.0
2205320,54,prior,10,2,09,5.0
862838,54,prior,11,4,12,2.0
881725,54,prior,12,5,09,8.0
939629,54,prior,13,0,11,2.0
638726,54,prior,14,0,11,7.0
1182951,54,prior,15,5,12,12.0
378070,54,prior,16,1,12,3.0
1376661,54,prior,17,6,13,12.0
3084020,54,prior,18,1,11,9.0
2326857,54,prior,19,6,11,12.0
905479,54,prior,20,3,10,4.0
1321441,54,prior,21,4,00,1.0
640014,54,prior,22,6,10,2.0
2983519,54,prior,23,5,14,13.0
311292,54,prior,24,6,12,1.0
2917598,54,prior,25,6,12,7.0
2045952,54,prior,26,0,11,1.0
2916715,54,prior,27,3,00,3.0
3135095,54,prior,28,4,16,1.0
51418,54,prior,29,4,23,0.0
2143390,54,prior,30,3,11,6.0
3167855,54,prior,31,4,10,1.0
1339168,54,prior,32,6,11,2.0
1630627,54,prior,33,1,01,2.0
2413026,54,prior,34,0,09,13.0
2648531,54,prior,35,1,11,1.0
3184864,54,prior,36,5,10,4.0
3249202,54,prior,37,6,12,1.0
3336359,54,prior,38,6,14,7.0
3066373,54,prior,39,6,20,0.0
1840067,54,prior,40,3,20,4.0
1893574,54,prior,41,6,09,3.0
2861721,54,prior,42,1,09,2.0
159678,54,prior,43,4,08,3.0
3270096,54,prior,44,3,19,6.0
2960216,54,prior,45,4,18,1.0
2058687,54,prior,46,2,15,5.0
3290450,54,prior,47,0,22,5.0
1902195,54,prior,48,4,09,4.0
2018396,54,prior,49,6,14,2.0
1794598,54,prior,50,0,22,1.0
1102893,54,prior,51,2,23,2.0
1162211,54,prior,52,4,11,2.0
3201675,54,prior,53,5,11,1.0
1598289,54,prior,54,6,11,8.0
1683909,54,prior,55,3,11,18.0
692802,54,prior,56,4,09,1.0
3137144,54,prior,57,6,17,2.0
1967453,54,prior,58,6,21,7.0
899785,54,prior,59,4,08,5.0
3370941,54,prior,60,6,23,2.0
1433019,54,prior,61,3,12,4.0
910390,54,prior,62,2,10,6.0
2340803,54,prior,63,4,08,2.0
2101107,54,prior,64,1,13,4.0
1000935,54,prior,65,4,11,10.0
100777,54,prior,66,4,11,7.0
3147262,54,prior,67,4,13,0.0
496907,54,prior,68,1,11,4.0
1107137,54,prior,69,5,15,4.0
1743688,54,prior,70,1,15,3.0
1404810,54,prior,71,4,10,3.0
865967,54,prior,72,1,13,4.0
1456703,54,prior,73,2,23,1.0
3161832,54,prior,74,4,13,2.0
75972,54,prior,75,6,12,2.0
2004727,54,prior,76,0,10,8.0
596690,54,prior,77,1,11,1.0
1325316,54,test,78,2,23,1.0
2080943,55,prior,1,0,14,
2006658,55,prior,2,2,17,9.0
3057843,55,prior,3,2,07,28.0
3114269,55,prior,4,1,13,13.0
2986671,55,prior,5,2,15,15.0
1677021,55,prior,6,2,13,28.0
2206148,55,prior,7,1,13,13.0
39325,55,train,8,2,18,30.0
2654273,56,prior,1,1,17,
807593,56,prior,2,1,08,7.0
2511442,56,prior,3,4,18,3.0
1909697,56,prior,4,1,11,4.0
1507154,56,prior,5,0,09,6.0
1271686,56,prior,6,1,18,8.0
976101,56,prior,7,2,11,8.0
758679,56,prior,8,0,16,5.0
1221340,56,prior,9,1,08,8.0
1327957,56,prior,10,2,10,8.0
2139271,56,prior,11,1,08,13.0
1836190,56,prior,12,2,09,8.0
13318,56,train,13,1,09,6.0
1381572,57,prior,1,6,10,
1435093,57,prior,2,4,11,5.0
1456958,57,prior,3,3,17,6.0
48293,57,prior,4,5,07,9.0
2047997,57,prior,5,5,15,7.0
1623693,57,prior,6,4,21,13.0
435581,57,prior,7,2,10,12.0
463436,57,prior,8,4,01,9.0
1545777,57,prior,9,3,22,6.0
2380545,57,prior,10,6,06,10.0
839442,57,prior,11,2,07,3.0
949025,57,prior,12,6,11,4.0
1775331,57,prior,13,3,10,11.0
2676852,57,prior,14,6,05,10.0
320326,57,test,15,0,07,8.0
913794,58,prior,1,4,14,
692224,58,prior,2,0,10,3.0
714002,58,prior,3,6,15,13.0
1578027,58,prior,4,0,17,1.0
164627,58,prior,5,0,07,7.0
3097573,58,prior,6,4,18,4.0
1089058,58,prior,7,0,09,3.0
326173,58,prior,8,2,10,9.0
1867561,58,prior,9,3,10,15.0
2143792,58,prior,10,3,11,7.0
139882,58,prior,11,5,09,9.0
2830335,58,prior,12,0,13,16.0
2023100,58,prior,13,0,12,7.0
2144995,58,prior,14,5,12,30.0
1976929,58,prior,15,4,21,6.0
2128599,58,test,16,4,12,7.0
584586,59,prior,1,5,15,
1385031,59,prior,2,1,10,24.0
2149689,59,prior,3,0,10,6.0
3050891,59,prior,4,2,12,2.0
2395967,59,prior,5,3,09,15.0
1071381,59,prior,6,2,10,20.0
2756878,59,prior,7,2,11,14.0
2994801,59,prior,8,3,11,29.0
1794276,59,prior,9,0,21,30.0
1625716,59,prior,10,4,08,11.0
1651215,59,train,11,0,12,10.0
2769226,60,prior,1,0,20,
1205618,60,prior,2,5,14,26.0
291527,60,prior,3,2,13,11.0
1783260,60,prior,4,2,11,28.0
3224056,60,prior,5,5,15,24.0
989260,60,prior,6,2,14,25.0
2132947,60,prior,7,5,18,30.0
1597833,60,prior,8,1,11,30.0
1099519,60,test,9,4,22,30.0
817409,61,prior,1,2,11,
1839867,61,prior,2,5,10,30.0
3160844,61,prior,3,5,15,14.0
1713067,61,prior,4,1,09,30.0
144494,61,test,5,4,10,17.0
2887267,62,prior,1,1,00,
964058,62,prior,2,4,10,10.0
2163945,62,prior,3,6,11,30.0
3349827,62,prior,4,0,13,15.0
1376443,62,prior,5,4,20,4.0
2655621,62,prior,6,4,14,14.0
1275664,62,prior,7,1,14,18.0
1812321,62,prior,8,4,13,30.0
2512030,62,prior,9,4,14,14.0
479208,62,prior,10,1,12,4.0
1019719,62,train,11,2,12,29.0
2205298,63,prior,1,3,20,
2568280,63,prior,2,0,09,11.0
1763414,63,prior,3,4,14,11.0
3092533,63,prior,4,0,11,24.0
414538,63,prior,5,1,10,8.0
1538989,63,prior,6,6,14,12.0
3077044,63,prior,7,1,14,9.0
2644515,63,prior,8,2,19,15.0
495013,63,prior,9,0,10,26.0
973757,63,prior,10,2,14,2.0
1225619,63,prior,11,0,07,5.0
863243,63,prior,12,6,13,6.0
226861,63,prior,13,6,14,7.0
107377,63,prior,14,6,08,7.0
2286777,63,prior,15,5,12,6.0
390867,63,prior,16,3,15,5.0
3140578,63,prior,17,1,11,19.0
561303,63,prior,18,5,12,4.0
1023723,63,prior,19,3,16,5.0
2104282,63,prior,20,3,14,7.0
2838026,63,prior,21,5,09,2.0
1764004,63,prior,22,3,14,5.0
3028801,63,prior,23,3,12,7.0
2793873,63,prior,24,6,13,3.0
2158097,63,prior,25,0,05,8.0
1580628,63,prior,26,5,17,5.0
383458,63,prior,27,2,11,11.0
97480,63,prior,28,4,08,9.0
3301134,63,prior,29,1,18,11.0
2352518,63,prior,30,5,12,4.0
1128333,63,prior,31,2,17,4.0
1023454,63,prior,32,1,13,6.0
586227,63,prior,33,3,12,9.0
77449,63,prior,34,1,12,12.0
1816750,63,prior,35,1,12,14.0
2190355,63,prior,36,1,12,14.0
2617055,63,prior,37,6,09,12.0
1223316,63,prior,38,1,14,9.0
443742,63,prior,39,0,11,13.0
2989905,63,train,40,6,08,13.0
802141,64,prior,1,2,14,
2601258,64,prior,2,6,10,11.0
2057180,64,prior,3,1,22,2.0
2507322,64,prior,4,6,17,12.0
33681,64,prior,5,5,00,6.0
629726,64,prior,6,3,20,19.0
2302602,64,prior,7,5,20,9.0
3215917,64,prior,8,6,17,15.0
2754807,64,prior,9,6,15,7.0
3129760,64,prior,10,1,10,9.0
2639013,64,train,11,0,13,27.0
1583644,65,prior,1,0,09,
3253911,65,prior,2,0,09,7.0
1422896,65,prior,3,0,10,14.0
3003586,65,prior,4,1,13,1.0
1625976,65,prior,5,5,14,4.0
2133732,65,prior,6,6,15,15.0
1999119,65,prior,7,0,15,1.0
225812,65,prior,8,1,12,29.0
2843095,65,prior,9,2,10,8.0
3029625,65,prior,10,1,08,6.0
692225,65,prior,11,4,09,30.0
2630919,65,prior,12,4,08,7.0
2028484,65,prior,13,4,15,14.0
864720,65,prior,14,2,09,30.0
1072954,65,train,15,6,17,30.0
1089019,66,prior,1,2,17,
2143319,66,prior,2,5,12,30.0
4595,66,prior,3,3,21,30.0
2360283,66,prior,4,6,12,30.0
2401332,66,prior,5,0,10,30.0
932035,66,prior,6,1,11,30.0
34647,66,train,7,3,19,23.0
3205960,67,prior,1,3,11,
970922,67,prior,2,1,15,5.0
596585,67,prior,3,1,13,7.0
2037087,67,prior,4,2,09,8.0
2474111,67,prior,5,3,14,8.0
1568481,67,prior,6,3,12,7.0
1723781,67,prior,7,2,13,6.0
2048527,67,prior,8,2,11,7.0
2389031,67,prior,9,2,14,7.0
2378562,67,prior,10,1,10,6.0
1515698,67,prior,11,1,11,7.0
1928050,67,prior,12,2,12,8.0
1949274,67,prior,13,1,10,6.0
551869,67,prior,14,1,09,7.0
2233579,67,prior,15,2,15,15.0
768572,67,prior,16,4,10,9.0
46584,67,prior,17,1,19,11.0
150528,67,prior,18,5,16,4.0
29758,67,prior,19,0,14,9.0
2812906,67,prior,20,3,13,3.0
1558976,67,prior,21,1,09,5.0
863974,67,prior,22,1,11,14.0
2308399,67,prior,23,1,14,14.0
1931044,67,prior,24,2,12,1.0
2757217,67,train,25,0,11,5.0
2333802,68,prior,1,5,10,
35187,68,prior,2,5,12,21.0
1830818,68,prior,3,4,19,30.0
2253039,68,prior,4,3,13,30.0
1084179,68,prior,5,1,11,30.0
3117228,68,prior,6,6,14,30.0
3024191,68,test,7,2,15,30.0
2576966,69,prior,1,2,16,
2624115,69,prior,2,2,12,14.0
539112,69,prior,3,2,18,14.0
2023333,69,prior,4,3,22,8.0
2550244,69,prior,5,2,14,13.0
2817181,69,test,6,2,11,7.0
2260493,70,prior,1,6,18,
2708482,70,prior,2,3,18,11.0
3087916,70,prior,3,1,19,5.0
3080922,70,prior,4,4,16,17.0
737301,70,prior,5,0,13,30.0
939800,70,prior,6,4,16,11.0
2509231,70,prior,7,4,15,30.0
2373040,70,prior,8,6,12,9.0
2950172,70,prior,9,4,19,12.0
2848644,70,prior,10,4,20,14.0
450929,70,prior,11,3,18,30.0
2446697,70,prior,12,6,20,30.0
29902,70,prior,13,2,17,30.0
669729,70,train,14,5,12,30.0
364423,71,prior,1,3,10,
1962560,71,prior,2,3,16,7.0
1841185,71,prior,3,5,12,9.0
3112384,71,prior,4,0,19,2.0
2012622,71,prior,5,4,21,18.0
434668,71,prior,6,2,14,12.0
2861050,71,prior,7,3,09,8.0
2606009,71,prior,8,3,16,14.0
920597,71,prior,9,5,14,30.0
21889,71,prior,10,2,15,11.0
1382694,71,prior,11,5,13,3.0
1964503,71,prior,12,0,13,30.0
2538672,71,prior,13,5,06,26.0
1437649,71,prior,14,0,15,16.0
2600443,71,prior,15,1,09,8.0
322607,71,prior,16,3,17,16.0
461359,71,prior,17,1,11,12.0
2389339,71,prior,18,4,14,10.0
1072501,71,prior,19,4,09,14.0
703584,71,prior,20,6,14,9.0
2075249,71,prior,21,3,15,18.0
3065988,71,prior,22,5,16,23.0
1551092,71,prior,23,2,10,18.0
3038639,71,train,24,5,13,17.0
2451656,72,prior,1,5,15,
1070540,72,prior,2,1,14,30.0
2661469,72,prior,3,2,13,8.0
389760,72,prior,4,6,13,4.0
2186390,72,prior,5,5,13,13.0
2050302,72,prior,6,6,14,15.0
2844729,72,prior,7,6,11,21.0
1567570,72,prior,8,0,14,15.0
2820122,72,prior,9,4,16,11.0
1016285,72,prior,10,5,16,15.0
797450,72,prior,11,4,16,6.0
2520276,72,prior,12,6,12,30.0
2608424,72,train,13,2,14,30.0
2286453,73,prior,1,2,17,
1463865,73,prior,2,3,20,30.0
2483845,73,prior,3,3,19,14.0
408636,73,prior,4,5,16,16.0
1908303,73,prior,5,3,16,26.0
917141,73,prior,6,0,13,25.0
2499247,73,prior,7,1,20,22.0
2883656,73,test,8,6,18,30.0
643818,74,prior,1,5,08,
360105,74,prior,2,5,06,7.0
1154777,74,prior,3,1,08,10.0
1386615,74,prior,4,3,07,23.0
3391303,74,prior,5,1,13,30.0
482516,74,train,6,4,07,10.0
1519861,75,prior,1,5,13,
2071859,75,prior,2,1,14,17.0
2773128,75,prior,3,3,13,9.0
1604099,75,prior,4,4,16,15.0
2003456,75,prior,5,1,14,4.0
207152,75,prior,6,1,13,7.0
2123286,75,prior,7,0,14,6.0
690372,75,prior,8,5,15,5.0
64791,75,prior,9,2,13,11.0
1047678,75,prior,10,5,12,3.0
44604,75,prior,11,4,11,6.0
20042,75,prior,12,3,12,6.0
1354911,75,prior,13,1,13,5.0
2391532,75,prior,14,1,12,7.0
2641583,75,prior,15,0,13,6.0
2322830,75,prior,16,6,12,6.0
122274,75,prior,17,2,13,10.0
2433377,75,prior,18,6,13,11.0
1972009,75,prior,19,6,12,7.0
1338309,75,prior,20,6,11,14.0
3192011,75,prior,21,0,13,22.0
1578024,75,prior,22,2,13,9.0
1657089,75,prior,23,4,14,9.0
1970262,75,test,24,3,11,6.0
3045366,76,prior,1,3,10,
1522904,76,prior,2,5,11,30.0
1934930,76,prior,3,2,11,25.0
1491175,76,prior,4,1,07,13.0
2102068,76,prior,5,1,11,0.0
2763506,76,prior,6,3,09,30.0
2792895,76,prior,7,4,08,29.0
1474394,76,prior,8,2,09,19.0
380972,76,prior,9,4,08,30.0
3294399,76,train,10,4,08,14.0
2669994,77,prior,1,2,11,
2896422,77,prior,2,1,13,30.0
474349,77,prior,3,0,15,27.0
1574973,77,prior,4,2,09,16.0
2878839,77,prior,5,0,09,5.0
431626,77,prior,6,1,11,15.0
2239642,77,prior,7,6,14,5.0
1094601,77,prior,8,6,18,7.0
2525859,77,prior,9,0,17,8.0
1941570,77,prior,10,0,09,7.0
2432711,77,prior,11,1,11,22.0
737247,77,prior,12,0,15,6.0
2681168,77,test,13,0,15,28.0
609104,78,prior,1,1,19,
843529,78,prior,2,6,10,5.0
85768,78,prior,3,0,08,8.0
3001769,78,prior,4,2,07,9.0
91957,78,prior,5,0,14,30.0
1009350,78,prior,6,6,10,30.0
1700658,78,train,7,6,11,7.0
1913204,79,prior,1,0,12,
3189274,79,prior,2,0,14,7.0
2667939,79,prior,3,1,17,8.0
2246974,79,prior,4,0,16,13.0
1390523,79,prior,5,0,02,21.0
2726708,79,prior,6,1,19,30.0
1882917,79,prior,7,0,15,30.0
21708,79,train,8,0,06,30.0
1331103,80,prior,1,2,06,
2122341,80,prior,2,2,16,21.0
2875845,80,prior,3,0,16,12.0
338550,80,prior,4,1,10,8.0
3348165,80,prior,5,6,15,5.0
1141480,80,prior,6,0,13,8.0
3276030,80,prior,7,5,12,12.0
1631228,80,prior,8,3,15,12.0
1506191,80,prior,9,2,08,6.0
2434894,80,prior,10,1,15,6.0
3090438,80,prior,11,2,13,8.0
2001654,80,prior,12,1,09,6.0
2178718,80,train,13,2,08,8.0
3097714,81,prior,1,2,15,
1310932,81,prior,2,1,12,6.0
2759128,81,prior,3,1,09,14.0
2027712,81,prior,4,3,19,30.0
1812985,81,prior,5,2,20,30.0
2139400,81,prior,6,3,07,29.0
1928924,81,prior,7,4,18,30.0
1734166,81,train,8,5,18,8.0
1889835,82,prior,1,3,15,
762760,82,prior,2,0,11,18.0
499460,82,prior,3,5,10,5.0
2728456,82,prior,4,0,11,16.0
80629,82,prior,5,5,16,12.0
2653743,82,prior,6,4,09,13.0
2232529,82,prior,7,1,11,11.0
63916,82,prior,8,5,10,4.0
1358880,82,prior,9,1,10,30.0
343588,82,prior,10,2,11,1.0
2500881,82,prior,11,5,16,10.0
1493222,82,prior,12,4,19,6.0
1501349,82,prior,13,0,10,10.0
1854627,82,prior,14,4,10,11.0
3034663,82,prior,15,2,11,12.0
2222448,82,prior,16,1,08,13.0
760382,82,prior,17,1,12,14.0
147262,82,prior,18,1,13,7.0
3144004,82,prior,19,2,15,8.0
859654,82,train,20,1,10,13.0
3357168,83,prior,1,3,15,
251784,83,prior,2,4,14,8.0
3211781,83,prior,3,5,14,30.0
1469604,83,prior,4,4,18,20.0
1515062,83,prior,5,2,17,12.0
1342998,83,prior,6,1,12,20.0
2424438,83,train,7,2,16,30.0
721266,84,prior,1,4,09,
2951016,84,prior,2,1,08,30.0
1505422,84,prior,3,5,13,18.0
3178292,84,prior,4,0,14,30.0
3413579,84,prior,5,3,16,3.0
1726905,84,prior,6,0,12,18.0
2965907,84,prior,7,5,13,30.0
2128144,84,prior,8,0,10,30.0
2276967,84,train,9,0,13,14.0
3001081,85,prior,1,0,19,
2299972,85,prior,2,6,16,30.0
2900024,85,prior,3,6,14,7.0
267052,85,prior,4,1,11,30.0
2568558,85,prior,5,6,18,26.0
1122034,85,prior,6,1,14,9.0
2430990,85,prior,7,4,17,10.0
1345233,85,test,8,0,16,3.0
465767,86,prior,1,0,09,
581503,86,prior,2,0,16,30.0
3290220,86,prior,3,6,08,13.0
3125222,86,prior,4,1,17,30.0
1619617,86,prior,5,1,15,14.0
1738766,86,prior,6,6,19,12.0
3327421,86,prior,7,1,17,16.0
3273951,86,prior,8,0,14,13.0
1010713,86,prior,9,1,21,15.0
1007570,86,prior,10,6,16,26.0
1048460,86,prior,11,3,12,25.0
3088266,86,prior,12,0,15,4.0
2677797,86,prior,13,2,13,30.0
356022,86,prior,14,1,12,20.0
2408754,86,prior,15,0,10,27.0
2013249,86,prior,16,2,18,30.0
2549405,86,prior,17,0,10,19.0
613340,86,train,18,6,12,6.0
838910,87,prior,1,6,17,
1881440,87,prior,2,0,12,30.0
2884724,87,prior,3,2,19,30.0
3300079,87,prior,4,6,08,30.0
88090,87,prior,5,5,07,13.0
3272229,87,prior,6,6,07,15.0
3200018,87,prior,7,3,08,4.0
1963716,87,prior,8,1,15,5.0
2668477,87,prior,9,2,07,8.0
3000782,87,prior,10,0,17,5.0
370956,87,prior,11,5,08,19.0
2987007,87,prior,12,2,16,4.0
161814,87,prior,13,0,16,5.0
886786,87,prior,14,1,17,8.0
2385684,87,prior,15,6,16,5.0
1192814,87,prior,16,0,15,8.0
2462716,87,prior,17,0,20,7.0
1803772,87,prior,18,1,19,8.0
1276879,87,prior,19,1,08,7.0
546407,87,prior,20,6,09,5.0
2928597,87,prior,21,0,12,8.0
122960,87,prior,22,3,08,3.0
2483641,87,prior,23,1,08,5.0
2482940,87,prior,24,4,07,3.0
394109,87,prior,25,1,11,4.0
2042430,87,prior,26,2,17,22.0
1962113,87,prior,27,2,07,7.0
1855447,87,train,28,3,17,8.0
1895573,88,prior,1,1,15,
1506478,88,prior,2,4,15,10.0
1963964,88,prior,3,6,16,30.0
2760558,88,prior,4,1,08,16.0
253625,88,prior,5,6,13,26.0
2377648,88,prior,6,6,13,0.0
2062476,88,prior,7,1,00,23.0
3081445,88,train,8,3,18,23.0
2523132,89,prior,1,4,08,
1791727,89,prior,2,0,17,10.0
148717,89,prior,3,1,18,15.0
3059813,89,prior,4,1,14,7.0
91180,89,prior,5,0,12,6.0
2149569,89,prior,6,4,16,18.0
1596917,89,prior,7,1,17,25.0
1286556,89,prior,8,0,13,6.0
2380355,89,prior,9,0,13,7.0
2753281,89,prior,10,0,14,7.0
2034759,89,prior,11,1,15,8.0
275380,89,prior,12,5,15,4.0
2428804,89,prior,13,1,12,10.0
998554,89,prior,14,1,14,7.0
2860113,89,prior,15,1,09,7.0
3383132,89,prior,16,0,14,6.0
624246,89,prior,17,6,10,13.0
1874428,89,prior,18,1,10,9.0
2524081,89,prior,19,0,12,6.0
3025545,89,prior,20,0,14,7.0
2222431,89,train,21,6,18,6.0
1866941,90,prior,1,5,14,
1743175,90,prior,2,1,09,3.0
3224951,90,prior,3,3,15,2.0
1053617,90,prior,4,5,13,2.0
400661,90,prior,5,4,07,6.0
461860,90,prior,6,5,17,1.0
1937891,90,prior,7,2,15,4.0
2819075,90,prior,8,3,15,1.0
799775,90,prior,9,5,15,2.0
1569984,90,prior,10,3,09,5.0
733734,90,prior,11,5,14,2.0
2592421,90,prior,12,2,12,4.0
2317676,90,prior,13,5,15,3.0
2813332,90,prior,14,2,13,4.0
1010419,90,prior,15,5,15,3.0
66340,90,prior,16,3,12,5.0
3223508,90,prior,17,5,15,2.0
1097156,90,prior,18,2,13,4.0
1816203,90,prior,19,5,09,3.0
2101063,90,prior,20,2,10,4.0
752188,90,prior,21,5,16,3.0
3056373,90,prior,22,3,09,5.0
3004103,90,prior,23,5,15,2.0
2997741,90,prior,24,2,13,4.0
260590,90,prior,25,5,14,3.0
856880,90,prior,26,3,12,5.0
257099,90,prior,27,2,12,6.0
2937953,90,prior,28,2,13,7.0
1682591,90,prior,29,4,12,2.0
2660566,90,prior,30,5,15,1.0
1483,90,prior,31,3,13,5.0
524838,90,prior,32,5,12,2.0
3247417,90,prior,33,2,16,4.0
3190631,90,prior,34,4,10,2.0
1350399,90,prior,35,4,09,7.0
2583597,90,prior,36,4,13,7.0
3014995,90,prior,37,4,11,7.0
1533023,90,prior,38,5,16,1.0
2893315,90,prior,39,2,15,4.0
1589698,90,prior,40,4,16,2.0
3129979,90,prior,41,3,12,6.0
2776875,90,prior,42,5,14,2.0
3218273,90,prior,43,3,11,5.0
3330122,90,prior,44,0,07,4.0
388415,90,prior,45,3,09,3.0
1200303,90,prior,46,5,12,2.0
2648890,90,prior,47,3,11,5.0
771208,90,prior,48,5,13,2.0
1439105,90,prior,49,1,12,3.0
1043148,90,prior,50,3,09,2.0
865148,90,prior,51,5,10,2.0
3306253,90,prior,52,3,13,5.0
326370,90,prior,53,5,12,2.0
125610,90,prior,54,1,10,3.0
3029731,90,prior,55,5,15,4.0
3298423,90,prior,56,3,10,5.0
1536780,90,prior,57,5,11,2.0
32664,90,prior,58,3,10,5.0
2463192,90,prior,59,5,09,2.0
363366,90,prior,60,3,09,5.0
536472,90,prior,61,5,12,2.0
53644,90,prior,62,1,10,3.0
726121,90,prior,63,5,11,4.0
693452,90,prior,64,3,11,5.0
3264150,90,prior,65,5,11,2.0
3308831,90,prior,66,3,09,5.0
2894457,90,prior,67,4,13,1.0
1928150,90,prior,68,1,13,4.0
1137431,90,prior,69,5,11,4.0
263949,90,prior,70,2,13,4.0
440272,90,prior,71,3,09,1.0
1318796,90,train,72,5,09,2.0
1444198,91,prior,1,3,14,
3235428,91,prior,2,6,09,3.0
1454750,91,prior,3,3,20,4.0
829855,91,prior,4,2,08,13.0
1066317,91,prior,5,4,20,9.0
2102793,91,prior,6,1,15,4.0
3215897,91,prior,7,4,12,10.0
1835285,91,prior,8,2,14,5.0
954107,91,prior,9,2,14,7.0
3395314,91,prior,10,6,13,11.0
1154612,91,prior,11,4,11,30.0
3253855,91,prior,12,4,14,30.0
2779744,91,prior,13,1,11,4.0
1864038,91,prior,14,6,12,5.0
2317062,91,prior,15,4,10,5.0
637547,91,train,16,1,10,11.0
2059881,92,prior,1,6,12,
2632124,92,prior,2,2,11,17.0
2999662,92,prior,3,1,15,30.0
266804,92,prior,4,2,13,22.0
840547,92,prior,5,2,08,21.0
2412507,92,test,6,5,09,30.0
2319586,93,prior,1,3,08,
1144929,93,prior,2,2,09,30.0
2482337,93,prior,3,5,15,30.0
1154181,93,prior,4,6,09,1.0
983132,93,prior,5,5,09,6.0
2852868,93,prior,6,5,09,0.0
1684010,93,prior,7,6,13,1.0
3387942,93,prior,8,0,11,1.0
2870621,93,prior,9,6,10,20.0
2432395,93,prior,10,0,12,8.0
2693318,93,prior,11,6,14,27.0
3278809,93,prior,12,6,08,14.0
1286484,93,prior,13,4,12,5.0
2926108,93,prior,14,3,19,30.0
1179185,93,train,15,1,10,5.0
1836789,94,prior,1,6,16,
3274946,94,prior,2,5,19,13.0
2758592,94,prior,3,3,15,30.0
1462074,94,prior,4,5,18,9.0
2161718,94,prior,5,0,17,30.0
1158830,94,prior,6,6,19,6.0
3126169,94,prior,7,6,16,14.0
2682963,94,prior,8,6,18,0.0
259674,94,prior,9,0,16,15.0
622677,94,test,10,6,14,30.0
1177946,95,prior,1,1,12,
624228,95,prior,2,3,11,9.0
153527,95,prior,3,5,13,30.0
3330998,95,prior,4,3,14,19.0
3401727,95,prior,5,1,15,30.0
343205,95,prior,6,5,14,25.0
3242769,95,prior,7,1,14,24.0
2855192,95,prior,8,5,11,11.0
1227088,95,train,9,5,12,21.0
2242366,96,prior,1,4,12,
2552220,96,prior,2,5,10,8.0
927478,96,prior,3,4,16,6.0
1997812,96,prior,4,1,10,11.0
1035645,96,prior,5,3,11,9.0
1456739,96,prior,6,1,15,12.0
2647486,96,prior,7,6,22,19.0
2716894,96,prior,8,4,22,5.0
1063629,96,prior,9,4,16,7.0
1002033,96,prior,10,6,13,9.0
165754,96,prior,11,0,01,8.0
2331962,96,prior,12,0,11,14.0
145694,96,prior,13,5,12,12.0
1411620,96,prior,14,2,15,30.0
3378475,96,prior,15,1,09,13.0
784032,96,prior,16,3,09,9.0
531345,96,train,17,1,11,30.0
1935233,97,prior,1,4,15,
1623811,97,prior,2,1,12,30.0
3180316,97,prior,3,6,10,30.0
279995,97,prior,4,0,13,22.0
2921005,97,prior,5,0,21,14.0
3178964,97,train,6,6,19,6.0
3131227,98,prior,1,0,14,
3031033,98,prior,2,3,21,24.0
2126069,98,prior,3,0,09,25.0
3027046,98,prior,4,4,07,11.0
335423,98,prior,5,4,16,21.0
446247,98,prior,6,0,18,30.0
2210120,98,prior,7,5,14,5.0
2389272,98,prior,8,3,13,5.0
681011,98,prior,9,3,09,30.0
465170,98,prior,10,3,17,30.0
2846344,98,prior,11,4,13,15.0
747431,98,prior,12,6,13,30.0
2383054,98,prior,13,4,11,30.0
1993729,98,prior,14,5,08,8.0
139487,98,test,15,6,15,30.0
2736359,99,prior,1,4,15,
465262,99,prior,2,4,13,14.0
2872285,99,prior,3,0,17,24.0
828701,99,prior,4,2,13,23.0
2216860,99,prior,5,1,11,13.0
1262038,99,prior,6,3,13,23.0
1979417,99,prior,7,2,12,13.0
146991,99,prior,8,3,15,29.0
2383703,99,prior,9,2,20,30.0
570913,99,prior,10,0,16,12.0
637147,99,prior,11,5,10,26.0
1176583,99,prior,12,3,15,12.0
114641,99,prior,13,4,16,15.0
319452,99,prior,14,4,16,21.0
3094908,99,prior,15,5,10,8.0
1199615,99,prior,16,5,18,7.0
2282647,99,prior,17,0,19,23.0
2326743,99,prior,18,1,08,8.0
1289863,99,train,19,2,11,22.0
680467,100,prior,1,3,18,
3159209,100,prior,2,0,15,18.0
2443738,100,prior,3,5,17,30.0
2337051,100,prior,4,3,20,30.0
2875733,100,prior,5,1,18,26.0
3302990,100,test,6,5,19,30.0
185725,101,prior,1,2,11,
1521207,101,prior,2,5,18,24.0
1510452,101,prior,3,5,18,7.0
2056313,101,prior,4,5,19,7.0
1922942,101,prior,5,5,17,21.0
827653,101,prior,6,0,11,30.0
1189661,101,prior,7,0,13,14.0
2952569,101,prior,8,1,11,1.0
1163140,101,prior,9,4,19,3.0
629400,101,prior,10,5,16,8.0
3084957,101,prior,11,4,19,20.0
1141217,101,prior,12,0,00,10.0
2067338,101,prior,13,6,12,6.0
2617560,101,prior,14,5,18,30.0
2524940,101,prior,15,3,11,12.0
1975106,101,prior,16,0,17,11.0
1370143,101,prior,17,5,14,12.0
749353,101,prior,18,2,12,30.0
1432700,101,prior,19,3,16,15.0
1285684,101,prior,20,0,13,4.0
1189294,101,test,21,5,18,26.0
629426,102,prior,1,3,11,
3404327,102,prior,2,6,23,24.0
3368457,102,prior,3,0,17,30.0
1931578,102,prior,4,1,12,30.0
2196914,102,prior,5,5,23,11.0
2531610,102,prior,6,5,14,30.0
2591641,102,train,7,0,20,30.0
1445214,103,prior,1,2,17,
1810651,103,prior,2,3,17,8.0
3188716,103,prior,3,6,16,3.0
1278694,103,prior,4,6,19,7.0
2542484,103,prior,5,2,21,10.0
1675251,103,prior,6,3,15,15.0
2056025,103,prior,7,4,14,8.0
801004,103,prior,8,2,16,5.0
1304370,103,prior,9,2,11,14.0
1410829,103,prior,10,5,19,3.0
2741554,103,prior,11,3,12,12.0
881051,103,prior,12,0,11,11.0
662830,103,prior,13,1,17,8.0
580626,103,prior,14,1,12,21.0
773400,103,prior,15,2,13,29.0
945140,103,prior,16,4,17,23.0
221085,103,prior,17,3,16,13.0
926418,103,train,18,2,14,20.0
3268912,104,prior,1,2,15,
2731714,104,prior,2,3,09,29.0
2461628,104,prior,3,3,09,21.0
1254267,104,prior,4,4,09,22.0
1645432,104,prior,5,1,09,4.0
2364180,104,train,6,4,10,10.0
2486885,105,prior,1,5,15,
226377,105,prior,2,0,06,30.0
930259,105,prior,3,5,16,12.0
1910840,105,prior,4,5,09,7.0
1731500,105,prior,5,3,11,12.0
3193305,105,prior,6,0,15,30.0
3204356,105,prior,7,1,13,30.0
2298088,105,train,8,3,10,30.0
777370,106,prior,1,6,12,
891339,106,prior,2,0,13,8.0
355095,106,prior,3,5,18,12.0
2549875,106,train,4,6,13,8.0
1085890,107,prior,1,6,20,
640790,107,prior,2,0,18,30.0
2258996,107,prior,3,4,15,4.0
2100808,107,prior,4,0,23,17.0
621852,107,prior,5,3,18,10.0
2796120,107,prior,6,5,22,23.0
1550787,107,prior,7,0,15,2.0
2523599,107,prior,8,1,16,29.0
1186285,107,prior,9,3,16,30.0
1984772,107,prior,10,5,20,2.0
81906,107,prior,11,3,14,19.0
2572731,107,prior,12,4,17,1.0
1234356,107,prior,13,3,16,6.0
2229163,107,prior,14,5,15,30.0
2091156,107,prior,15,0,15,9.0
1368861,107,test,16,1,18,30.0
2313085,108,prior,1,0,13,
2393725,108,prior,2,0,13,0.0
3074448,108,prior,3,1,18,15.0
2137209,108,prior,4,3,11,30.0
1503688,108,prior,5,0,17,30.0
2788286,108,prior,6,0,15,28.0
505076,108,prior,7,0,10,30.0
515014,108,train,8,6,15,6.0
1656765,109,prior,1,1,13,
304607,109,prior,2,1,12,30.0
1403849,109,prior,3,3,17,9.0
659764,109,prior,4,2,05,20.0
3116901,109,prior,5,0,07,26.0
1382150,109,prior,6,1,09,15.0
1997693,109,train,7,1,11,21.0
664643,110,prior,1,1,08,
1845708,110,prior,2,0,10,6.0
38772,110,prior,3,0,20,30.0
828368,110,prior,4,5,09,30.0
1402971,110,prior,5,0,08,30.0
1029371,110,prior,6,2,12,30.0
2365544,110,prior,7,0,19,5.0
1700665,110,prior,8,0,16,7.0
2940997,110,prior,9,1,13,30.0
1390537,110,prior,10,0,10,20.0
1104992,110,prior,11,3,10,3.0
2084000,110,prior,12,2,14,6.0
3135298,110,prior,13,1,16,6.0
1900996,110,prior,14,3,18,16.0
65254,110,prior,15,5,14,9.0
2128010,110,prior,16,3,10,26.0
2111594,110,prior,17,0,14,18.0
839252,110,prior,18,4,13,25.0
1862417,110,prior,19,5,15,8.0
2781137,110,prior,20,2,14,4.0
72069,110,train,21,1,10,6.0
1120443,111,prior,1,5,08,
2301655,111,prior,2,5,09,0.0
1619720,111,prior,3,6,15,30.0
278813,111,prior,4,5,13,27.0
814737,111,prior,5,6,12,30.0
2179090,111,prior,6,4,17,30.0
2552531,111,prior,7,0,10,3.0
3105153,111,train,8,4,11,4.0
631537,112,prior,1,6,11,
3386821,112,prior,2,1,14,16.0
1288160,112,prior,3,2,18,15.0
1191488,112,prior,4,2,15,14.0
182753,112,prior,5,4,17,9.0
639038,112,prior,6,0,17,3.0
1703258,112,prior,7,5,10,5.0
2036112,112,prior,8,1,13,3.0
952832,112,prior,9,6,15,5.0
1367085,112,prior,10,4,18,5.0
1087318,112,prior,11,2,13,5.0
1882807,112,prior,12,6,17,18.0
2077275,112,prior,13,4,13,5.0
3371572,112,prior,14,6,09,2.0
3094724,112,prior,15,2,12,3.0
887098,112,prior,16,4,17,2.0
3187305,112,prior,17,4,12,7.0
3171492,112,prior,18,0,16,17.0
443946,112,prior,19,6,09,6.0
102218,112,prior,20,1,15,30.0
1539802,112,prior,21,1,17,7.0
594895,112,prior,22,1,11,7.0
632430,112,prior,23,5,15,4.0
2298220,112,prior,24,0,18,2.0
1873854,112,prior,25,5,15,5.0
3378311,112,prior,26,3,11,5.0
3032922,112,train,27,2,18,6.0
2438150,113,prior,1,3,10,
77613,113,prior,2,3,22,7.0
1604284,113,prior,3,5,17,9.0
780226,113,prior,4,4,13,13.0
1197224,113,prior,5,5,22,22.0
1645824,113,train,6,5,17,30.0
2880454,114,prior,1,1,15,
977610,114,prior,2,0,08,6.0
62381,114,prior,3,0,12,7.0
1798152,114,prior,4,5,10,12.0
2759030,114,train,5,0,10,2.0
814015,115,prior,1,0,17,
3253442,115,prior,2,6,17,27.0
351263,115,prior,3,0,12,22.0
2895282,115,prior,4,6,17,13.0
226383,115,prior,5,2,18,30.0
3321326,115,prior,6,5,14,10.0
150025,115,prior,7,3,19,26.0
405959,115,prior,8,0,11,25.0
3278419,115,prior,9,4,18,4.0
1586517,115,prior,10,6,14,9.0
3347069,115,prior,11,5,14,6.0
2617020,115,prior,12,0,15,9.0
2618023,115,train,13,1,18,15.0
3370391,116,prior,1,0,05,
1115121,116,prior,2,0,17,14.0
1221109,116,prior,3,4,16,25.0
1765618,116,prior,4,6,06,9.0
3307561,116,prior,5,5,17,13.0
2224236,116,prior,6,1,04,10.0
878518,116,train,7,5,12,4.0
2289023,117,prior,1,3,17,
3372845,117,prior,2,1,12,30.0
1596327,117,prior,3,3,06,30.0
1255531,117,prior,4,5,14,30.0
2116172,117,prior,5,0,16,30.0
1505236,117,prior,6,5,14,5.0
3161671,117,prior,7,4,16,20.0
2017489,117,prior,8,1,12,4.0
1616452,117,prior,9,5,14,11.0
3127804,117,prior,10,4,19,30.0
2116043,117,prior,11,3,16,20.0
1438423,117,train,12,0,18,4.0
1823310,118,prior,1,1,09,
739071,118,prior,2,3,10,2.0
2874790,118,prior,3,1,09,5.0
2382142,118,prior,4,1,08,7.0
19682,118,prior,5,1,07,21.0
3181671,118,prior,6,1,09,28.0
1070257,118,prior,7,1,08,7.0
1446561,118,prior,8,3,08,9.0
218648,118,prior,9,3,08,14.0
991252,118,prior,10,1,14,12.0
933246,118,prior,11,5,12,11.0
2538927,118,prior,12,1,09,10.0
2982428,118,prior,13,1,10,7.0
2365876,118,prior,14,1,08,14.0
239491,118,prior,15,4,09,3.0
2375700,118,prior,16,1,08,18.0
3337304,118,prior,17,5,12,4.0
1423422,118,prior,18,1,09,17.0
2946645,118,prior,19,1,08,7.0
2827335,118,prior,20,2,12,29.0
3177227,118,prior,21,1,11,6.0
1245530,118,prior,22,1,09,7.0
597448,118,prior,23,2,09,22.0
2690698,118,prior,24,5,09,17.0
267575,118,prior,25,2,07,18.0
198257,118,prior,26,3,09,15.0
753212,118,prior,27,1,08,19.0
1248129,118,train,28,1,07,30.0
2268469,119,prior,1,6,13,
123124,119,prior,2,0,10,8.0
1776217,119,prior,3,3,14,17.0
461193,119,train,4,0,14,30.0
520620,120,prior,1,3,11,
906054,120,prior,2,4,07,15.0
3273029,120,prior,3,2,08,19.0
961032,120,train,4,2,09,30.0
472106,121,prior,1,0,09,
484983,121,prior,2,5,20,5.0
1239400,121,prior,3,1,16,30.0
1135686,121,prior,4,6,08,26.0
2410237,121,prior,5,2,15,10.0
542018,121,prior,6,3,16,15.0
3367490,121,prior,7,1,14,30.0
1198282,121,prior,8,1,07,21.0
1471550,121,prior,9,0,10,30.0
2929824,121,prior,10,3,16,17.0
2652217,121,train,11,3,06,21.0
2471114,122,prior,1,6,16,
2424388,122,prior,2,5,19,6.0
2661952,122,prior,3,6,12,1.0
3264447,122,prior,4,5,19,13.0
1275930,122,prior,5,3,22,5.0
1010324,122,prior,6,5,16,2.0
1053311,122,prior,7,5,17,0.0
2150851,122,prior,8,6,20,1.0
1802433,122,prior,9,5,00,6.0
1869011,122,prior,10,5,14,0.0
2661036,122,prior,11,6,19,8.0
2887923,122,prior,12,0,18,1.0
3267671,122,prior,13,3,20,3.0
2456894,122,prior,14,6,21,10.0
3058818,122,prior,15,3,18,4.0
1040862,122,prior,16,0,02,4.0
1521844,122,prior,17,3,11,3.0
2646970,122,prior,18,4,10,8.0
3325402,122,prior,19,4,00,28.0
829667,122,prior,20,5,16,8.0
1795037,122,prior,21,6,20,1.0
3242045,122,prior,22,4,04,5.0
1330087,122,prior,23,5,18,8.0
1078221,122,prior,24,6,20,22.0
3171246,122,prior,25,3,13,18.0
2300049,122,prior,26,0,13,4.0
2764263,122,prior,27,1,14,29.0
1200312,122,prior,28,3,20,2.0
3024894,122,prior,29,4,13,22.0
1626588,122,test,30,6,17,30.0
1295374,123,prior,1,0,20,
3195364,123,prior,2,0,09,30.0
1186542,123,prior,3,3,20,30.0
610689,123,prior,4,0,12,30.0
480866,123,prior,5,4,12,30.0
334645,123,prior,6,2,17,19.0
495419,123,prior,7,0,13,30.0
319358,123,prior,8,4,20,11.0
2362500,123,prior,9,4,20,7.0
1906256,123,prior,10,0,11,17.0
1721370,123,train,11,0,11,0.0
1318740,124,prior,1,0,22,
490161,124,prior,2,2,10,30.0
2638175,124,prior,3,1,10,6.0
1660930,124,prior,4,1,10,7.0
1923886,124,prior,5,1,08,7.0
3051829,124,prior,6,1,09,21.0
3014528,124,prior,7,1,08,21.0
2776620,124,prior,8,1,08,14.0
2733614,124,train,9,1,08,21.0
1862783,125,prior,1,3,11,
2252217,125,prior,2,6,09,10.0
1007668,125,prior,3,4,09,12.0
2679779,125,prior,4,5,07,30.0
450446,125,prior,5,6,06,8.0
138463,125,prior,6,6,14,14.0
1120875,125,prior,7,6,12,7.0
1156921,125,prior,8,1,08,16.0
225127,125,prior,9,0,11,13.0
2431126,125,prior,10,0,09,7.0
2815527,125,prior,11,0,11,7.0
3283870,125,prior,12,2,12,9.0
3060658,125,prior,13,4,16,9.0
1543042,125,train,14,1,19,11.0
1747819,126,prior,1,6,11,
1020546,126,prior,2,1,17,30.0
1480579,126,prior,3,0,10,30.0
1537356,126,prior,4,6,11,30.0
1107715,126,prior,5,6,14,21.0
1879545,126,prior,6,0,08,30.0
2117732,126,prior,7,0,13,30.0
33119,126,prior,8,0,12,7.0
2452141,126,prior,9,0,10,28.0
32138,126,prior,10,0,15,21.0
36863,126,test,11,0,10,14.0
1308139,127,prior,1,1,11,
1603251,127,prior,2,6,19,12.0
1552720,127,prior,3,1,18,9.0
1795614,127,prior,4,0,10,20.0
1564919,127,prior,5,1,20,8.0
1902378,127,prior,6,0,17,6.0
1220721,127,prior,7,3,19,10.0
3405938,127,prior,8,3,19,7.0
2550153,127,prior,9,3,20,7.0
1916882,127,prior,10,0,11,18.0
2959300,127,prior,11,0,20,7.0
986125,127,prior,12,0,13,7.0
1626985,127,prior,13,3,20,10.0
1992222,127,prior,14,3,19,21.0
2842375,127,prior,15,3,19,14.0
886256,127,prior,16,0,19,30.0
1964699,127,prior,17,6,10,6.0
969538,127,test,18,2,18,30.0
1829768,128,prior,1,0,07,
288174,128,prior,2,6,12,30.0
2519124,128,prior,3,3,18,18.0
2559357,128,prior,4,0,19,18.0
2402501,128,prior,5,1,20,1.0
2999897,128,prior,6,0,15,30.0
3098585,128,prior,7,5,19,5.0
186826,128,prior,8,1,13,30.0
3382475,128,prior,9,0,18,30.0
1905981,128,prior,10,6,09,13.0
2790818,128,prior,11,0,20,1.0
1095948,128,train,12,4,16,4.0
1362636,129,prior,1,1,19,
3203486,129,prior,2,2,15,1.0
1579752,129,prior,3,2,16,7.0
491636,129,prior,4,1,18,13.0
2609568,129,prior,5,1,18,30.0
341706,129,prior,6,4,18,3.0
732734,129,prior,7,1,19,4.0
584267,129,prior,8,4,18,3.0
59226,129,prior,9,0,18,3.0
572034,129,prior,10,3,17,10.0
1019891,129,prior,11,4,16,1.0
688716,129,test,12,3,13,30.0
1124555,130,prior,1,5,13,
319917,130,prior,2,5,12,30.0
2111339,130,prior,3,5,12,30.0
2437480,130,train,4,3,12,12.0
159796,131,prior,1,3,14,
2870337,131,prior,2,3,10,30.0
47897,131,prior,3,6,08,10.0
690515,131,prior,4,0,13,22.0
1332290,131,prior,5,2,11,16.0
122158,131,prior,6,6,09,11.0
1992658,131,prior,7,6,11,28.0
1361399,131,prior,8,2,08,24.0
380942,131,prior,9,3,10,15.0
2106151,131,train,10,0,09,18.0
1350313,132,prior,1,2,09,
2005455,132,prior,2,2,12,7.0
1331186,132,prior,3,5,09,3.0
2945874,132,prior,4,5,07,7.0
419704,132,prior,5,0,19,2.0
1271491,132,prior,6,2,16,2.0
1658862,132,prior,7,6,08,4.0
1649249,132,prior,8,0,08,1.0
2149749,132,prior,9,2,07,2.0
1714411,132,prior,10,3,12,1.0
1264035,132,prior,11,0,10,4.0
1725511,132,prior,12,3,08,3.0
1175812,132,prior,13,2,08,6.0
647862,132,prior,14,5,09,3.0
3407614,132,prior,15,1,07,3.0
2425937,132,prior,16,3,08,2.0
88224,132,prior,17,1,09,5.0
128294,132,prior,18,0,16,6.0
2828876,132,prior,19,2,17,2.0
50139,132,prior,20,5,08,3.0
3054588,132,prior,21,1,07,3.0
1068230,132,prior,22,3,22,2.0
214385,132,prior,23,4,21,1.0
125426,132,prior,24,2,18,5.0
2887138,132,train,25,0,12,5.0
3187763,133,prior,1,4,19,
107326,133,prior,2,6,18,2.0
2871952,133,prior,3,4,01,19.0
2267932,133,prior,4,0,12,10.0
577963,133,prior,5,1,22,1.0
2203695,133,prior,6,0,09,6.0
2964641,133,prior,7,5,12,5.0
1517475,133,prior,8,1,12,3.0
1846465,133,prior,9,4,12,3.0
3317319,133,prior,10,5,12,8.0
241592,133,prior,11,3,13,5.0
1551488,133,prior,12,3,21,7.0
1686324,133,prior,13,0,12,11.0
560536,133,prior,14,1,01,8.0
1522988,133,prior,15,4,01,3.0
836046,133,prior,16,3,02,6.0
3306184,133,prior,17,4,03,8.0
670203,133,prior,18,2,03,5.0
3394074,133,prior,19,2,15,7.0
2087698,133,prior,20,1,21,6.0
1058680,133,test,21,4,00,10.0
3081012,134,prior,1,6,12,
603841,134,prior,2,6,11,21.0
2913221,134,prior,3,6,12,7.0
2565512,134,prior,4,0,09,15.0
1708250,134,prior,5,0,12,30.0
463775,134,prior,6,4,00,30.0
831748,134,test,7,1,10,30.0
3204695,135,prior,1,3,19,
3264360,135,prior,2,2,21,13.0
892534,135,prior,3,0,08,12.0
2703626,135,prior,4,4,16,11.0
3001617,135,train,5,0,17,17.0
1060257,136,prior,1,1,08,
62071,136,prior,2,0,15,6.0
2796410,136,prior,3,0,11,7.0
3178064,136,prior,4,1,12,29.0
2710859,136,test,5,1,15,21.0
2589465,137,prior,1,3,20,
936521,137,prior,2,6,12,30.0
2873731,137,prior,3,6,16,30.0
16785,137,prior,4,0,14,29.0
903981,137,prior,5,6,14,30.0
2829213,137,prior,6,0,01,8.0
1500625,137,test,7,6,15,6.0
3160996,138,prior,1,5,13,
930730,138,prior,2,0,12,9.0
1421595,138,prior,3,2,09,9.0
1433006,138,prior,4,0,11,5.0
1592314,138,prior,5,0,09,14.0
3052988,138,prior,6,0,06,7.0
1986630,138,prior,7,0,12,7.0
2823056,138,prior,8,6,14,6.0
505689,138,prior,9,6,12,7.0
2254091,138,prior,10,5,14,6.0
228295,138,prior,11,0,12,2.0
2138731,138,prior,12,6,15,6.0
28517,138,prior,13,6,14,7.0
2526903,138,prior,14,0,15,8.0
1593782,138,prior,15,6,11,6.0
307762,138,prior,16,0,11,8.0
960220,138,prior,17,5,14,19.0
1154289,138,prior,18,1,07,3.0
1898191,138,prior,19,2,08,30.0
1972635,138,prior,20,6,20,18.0
1512043,138,prior,21,0,15,8.0
323780,138,prior,22,2,15,16.0
894221,138,prior,23,5,13,24.0
2027699,138,prior,24,1,10,24.0
703615,138,prior,25,3,11,2.0
2226790,138,prior,26,5,12,9.0
2206168,138,prior,27,3,18,30.0
3139998,138,prior,28,6,11,3.0
1854193,138,prior,29,0,14,22.0
1977647,138,prior,30,6,17,20.0
1069065,138,prior,31,2,07,10.0
2329217,138,prior,32,5,20,10.0
455775,138,train,33,6,12,1.0
3220002,139,prior,1,3,17,
2610428,139,prior,2,5,17,9.0
1515111,139,prior,3,3,19,5.0
1296919,139,prior,4,2,19,6.0
2233425,139,train,5,2,11,30.0
1207960,140,prior,1,3,17,
2093304,140,prior,2,6,10,3.0
2254976,140,prior,3,2,11,3.0
3369359,140,prior,4,0,12,5.0
515651,140,prior,5,3,12,3.0
726285,140,prior,6,1,17,5.0
1025825,140,prior,7,4,16,10.0
3015626,140,prior,8,5,17,1.0
2135028,140,prior,9,2,11,4.0
3346154,140,prior,10,5,13,3.0
1157684,140,prior,11,6,19,1.0
2414681,140,prior,12,4,17,5.0
551518,140,prior,13,4,19,7.0
3241517,140,prior,14,4,16,7.0
3103900,140,prior,15,3,17,6.0
1672315,140,prior,16,4,17,8.0
484342,140,prior,17,2,15,5.0
1820029,140,prior,18,0,18,5.0
2935007,140,prior,19,4,16,4.0
3215600,140,prior,20,1,10,4.0
3245602,140,prior,21,1,16,7.0
3361344,140,prior,22,2,11,8.0
1272879,140,prior,23,0,10,12.0
3392471,140,prior,24,1,18,8.0
599299,140,prior,25,6,11,5.0
3071740,140,prior,26,0,13,8.0
1573632,140,prior,27,5,14,5.0
1119910,140,prior,28,1,12,10.0
3046542,140,prior,29,6,16,5.0
557001,140,prior,30,4,09,5.0
2866881,140,prior,31,6,14,2.0
2289359,140,prior,32,2,21,3.0
2343097,140,prior,33,5,19,3.0
458750,140,prior,34,3,11,5.0
385418,140,prior,35,5,10,9.0
1878887,140,prior,36,0,10,9.0
405367,140,prior,37,0,10,7.0
2678520,140,prior,38,3,16,10.0
414277,140,prior,39,1,12,5.0
556179,140,prior,40,6,11,5.0
2695731,140,prior,41,3,17,4.0
2637943,140,prior,42,0,12,4.0
2589449,140,prior,43,5,22,5.0
1227180,140,prior,44,0,11,23.0
2473679,140,prior,45,6,14,6.0
1402772,140,prior,46,6,16,7.0
2783075,140,prior,47,3,15,11.0
714844,140,prior,48,1,10,5.0
1027521,140,prior,49,4,17,3.0
1364045,140,prior,50,5,17,1.0
919139,140,prior,51,6,12,1.0
1330627,140,prior,52,1,11,2.0
2430333,140,prior,53,2,09,1.0
969286,140,prior,54,6,10,4.0
2772901,140,prior,55,4,18,5.0
3249907,140,prior,56,2,19,5.0
3405538,140,prior,57,6,16,4.0
888081,140,prior,58,0,17,1.0
1829678,140,prior,59,3,10,3.0
2258898,140,prior,60,2,16,6.0
1148917,140,prior,61,0,17,5.0
485663,140,prior,62,1,12,1.0
919895,140,prior,63,3,14,2.0
988141,140,prior,64,6,10,3.0
2121214,140,prior,65,1,16,2.0
412724,140,prior,66,3,14,2.0
1257665,140,prior,67,5,07,2.0
1210466,140,prior,68,5,10,0.0
832564,140,prior,69,2,10,4.0
2776994,140,prior,70,4,18,2.0
1328876,140,prior,71,5,17,1.0
22418,140,prior,72,3,14,5.0
3342071,140,prior,73,4,14,1.0
3102380,140,prior,74,3,11,6.0
3369380,140,prior,75,5,15,2.0
2272569,140,prior,76,2,11,4.0
2560500,140,train,77,4,21,2.0
2817237,141,prior,1,0,15,
2097765,141,prior,2,6,12,6.0
1228976,141,prior,3,2,14,3.0
259563,141,prior,4,4,11,2.0
726111,141,test,5,3,14,20.0
1867123,142,prior,1,5,14,
2244687,142,prior,2,1,19,10.0
1671993,142,prior,3,2,18,30.0
2608439,142,prior,4,2,12,7.0
3218498,142,prior,5,6,19,30.0
234203,142,prior,6,6,11,14.0
994112,142,prior,7,0,15,8.0
60985,142,prior,8,6,11,6.0
165154,142,prior,9,5,17,6.0
2158587,142,prior,10,2,08,11.0
2833621,142,prior,11,1,19,6.0
3411559,142,prior,12,1,09,7.0
1156263,142,prior,13,1,19,7.0
167617,142,prior,14,5,18,4.0
2947599,142,prior,15,1,17,3.0
2389589,142,prior,16,0,01,20.0
2354156,142,prior,17,1,19,8.0
2534019,142,prior,18,3,13,9.0
2364117,142,prior,19,1,13,5.0
81012,142,prior,20,6,14,19.0
996998,142,prior,21,5,17,6.0
2772108,142,prior,22,1,07,3.0
3111657,142,prior,23,6,13,5.0
670136,142,prior,24,0,15,1.0
1925343,142,prior,25,4,12,4.0
518010,142,prior,26,3,18,6.0
2792748,142,prior,27,1,18,5.0
1717913,142,prior,28,3,17,2.0
1458394,142,prior,29,5,17,2.0
212987,142,prior,30,4,06,6.0
1699547,142,prior,31,5,07,8.0
2553955,142,prior,32,0,10,2.0
2087145,142,prior,33,4,14,11.0
610922,142,prior,34,2,18,5.0
2430869,142,prior,35,5,10,3.0
3256520,142,prior,36,6,13,8.0
2558019,142,prior,37,4,10,5.0
1810051,142,prior,38,0,13,3.0
2420961,142,prior,39,4,14,4.0
1367397,142,prior,40,0,20,3.0
606047,142,prior,41,3,09,3.0
2100628,142,prior,42,1,15,5.0
2690158,142,prior,43,3,19,2.0
3213679,142,prior,44,0,14,4.0
2929728,142,prior,45,4,19,4.0
2696946,142,train,46,6,17,2.0
1389018,143,prior,1,6,20,
1369575,143,prior,2,5,20,6.0
1014616,143,prior,3,5,20,7.0
3242252,143,prior,4,5,20,7.0
2699813,143,prior,5,5,09,7.0
2367664,143,prior,6,5,09,7.0
3184760,143,prior,7,5,10,7.0
3240866,143,prior,8,5,11,7.0
3125769,143,prior,9,5,18,7.0
1033652,143,prior,10,5,19,7.0
451192,143,prior,11,5,10,7.0
1583266,143,prior,12,0,20,16.0
1383012,143,prior,13,5,19,12.0
1755869,143,prior,14,5,20,7.0
1993128,143,train,15,6,11,8.0
2147364,144,prior,1,0,16,
939418,144,prior,2,2,13,9.0
3264513,144,prior,3,4,14,9.0
2316534,144,prior,4,1,19,4.0
802806,144,prior,5,3,16,2.0
1821856,144,prior,6,0,18,4.0
1854825,144,prior,7,4,13,11.0
242208,144,train,8,2,12,12.0
1666830,145,prior,1,4,15,
2604852,145,prior,2,6,13,2.0
2008874,145,prior,3,1,17,2.0
760904,145,prior,4,2,16,1.0
340658,145,prior,5,3,20,1.0
1543077,145,prior,6,0,09,11.0
3123013,145,prior,7,6,06,6.0
3373793,145,prior,8,2,10,3.0
3395341,145,train,9,2,17,30.0
859662,146,prior,1,3,16,
3395836,146,prior,2,6,14,10.0
85287,146,prior,3,3,10,11.0
3098928,146,prior,4,5,09,30.0
823488,146,prior,5,0,08,9.0
123002,146,prior,6,1,13,8.0
273147,146,prior,7,0,15,6.0
92708,146,prior,8,6,10,6.0
2033640,146,prior,9,0,17,8.0
1342836,146,prior,10,0,11,7.0
1884872,146,prior,11,4,21,25.0
794921,146,prior,12,0,09,3.0
1613383,146,prior,13,1,14,1.0
991882,146,prior,14,6,13,5.0
3285522,146,prior,15,0,10,8.0
900920,146,prior,16,6,16,6.0
3011044,146,prior,17,5,10,6.0
3380688,146,prior,18,6,14,8.0
1807479,146,prior,19,6,10,7.0
2335689,146,prior,20,4,18,12.0
205644,146,prior,21,0,18,3.0
203023,146,prior,22,0,15,14.0
2284078,146,prior,23,0,08,7.0
796754,146,prior,24,6,15,6.0
254017,146,prior,25,5,07,6.0
1570910,146,prior,26,0,12,9.0
59415,146,prior,27,5,11,5.0
702663,146,prior,28,4,08,6.0
3373813,146,prior,29,4,12,7.0
596102,146,prior,30,2,10,5.0
1818217,146,prior,31,0,15,5.0
3144664,146,prior,32,1,14,15.0
2353983,146,prior,33,6,15,5.0
2309042,146,prior,34,6,19,7.0
1875229,146,prior,35,0,08,15.0
1671477,146,prior,36,0,12,7.0
3092707,146,prior,37,1,11,1.0
2689637,146,prior,38,0,14,6.0
582965,146,prior,39,0,13,14.0
431025,146,prior,40,5,09,19.0
673776,146,train,41,2,19,25.0
1317868,147,prior,1,0,19,
2190345,147,prior,2,0,18,30.0
3252043,147,prior,3,0,13,28.0
1637674,147,prior,4,6,10,6.0
764956,147,prior,5,0,16,8.0
2477065,147,prior,6,0,14,14.0
1772177,147,prior,7,0,19,14.0
657707,147,prior,8,1,16,15.0
1109225,147,prior,9,6,16,12.0
3266859,147,prior,10,6,15,7.0
1561904,147,prior,11,0,17,8.0
614915,147,prior,12,5,12,19.0
1191676,147,prior,13,5,17,30.0
318441,147,train,14,0,11,30.0
3266887,148,prior,1,5,16,
3169439,148,prior,2,1,07,3.0
2175302,148,prior,3,4,05,3.0
3221240,148,prior,4,6,13,2.0
415062,148,prior,5,2,13,3.0
1759549,148,prior,6,3,12,1.0
3300653,148,prior,7,6,15,30.0
3348216,148,train,8,5,23,27.0
1025331,149,prior,1,0,20,
2756395,149,prior,2,6,10,13.0
970597,149,prior,3,0,16,15.0
1386107,149,prior,4,0,10,14.0
1185790,149,prior,5,6,10,13.0
936948,149,prior,6,0,21,29.0
2618740,149,prior,7,6,07,13.0
1174012,149,prior,8,6,17,30.0
1073005,149,prior,9,6,08,14.0
2576952,149,prior,10,5,23,13.0
3387714,149,prior,11,2,12,18.0
2503718,149,prior,12,6,14,11.0
3328310,149,prior,13,6,13,30.0
2585753,149,prior,14,6,17,14.0
1180289,149,prior,15,4,22,12.0
2567075,149,test,16,5,14,15.0
3139566,150,prior,1,6,06,
242667,150,prior,2,1,06,9.0
2789394,150,prior,3,4,18,10.0
309416,150,prior,4,2,17,12.0
3123164,150,prior,5,5,18,10.0
1462796,150,prior,6,2,16,11.0
2519716,150,prior,7,2,16,14.0
1743975,150,prior,8,5,08,10.0
1279359,150,prior,9,2,15,4.0
759564,150,prior,10,2,12,7.0
2515579,150,prior,11,0,13,12.0
1228126,150,prior,12,5,14,5.0
3024068,150,prior,13,3,07,26.0
3164014,150,prior,14,4,13,30.0
2003778,150,prior,15,0,04,10.0
3182724,150,prior,16,0,16,7.0
2207448,150,prior,17,6,17,6.0
2822984,150,prior,18,5,19,6.0
2346394,150,prior,19,1,16,3.0
1600895,150,prior,20,1,17,7.0
2520237,150,prior,21,4,08,3.0
1785347,150,prior,22,4,16,14.0
1157021,150,prior,23,6,13,2.0
2982817,150,prior,24,4,17,5.0
12278,150,prior,25,3,17,6.0
1297781,150,prior,26,5,19,2.0
2199,150,prior,27,4,14,6.0
887483,150,prior,28,6,11,9.0
2461899,150,prior,29,1,16,23.0
1525078,150,prior,30,1,15,30.0
2375858,150,prior,31,0,11,6.0
1575396,150,train,32,6,14,20.0
2302343,151,prior,1,3,20,
581168,151,prior,2,3,18,7.0
2338135,151,prior,3,1,19,5.0
3088590,151,prior,4,5,17,25.0
3198855,151,prior,5,3,19,5.0
1116436,151,prior,6,0,08,4.0
1506911,151,prior,7,2,15,2.0
1923876,151,prior,8,6,10,4.0
2109329,151,prior,9,2,17,3.0
1637544,151,prior,10,0,09,5.0
442514,151,prior,11,2,20,2.0
1855063,151,test,12,6,15,11.0
2772293,152,prior,1,0,18,
115344,152,prior,2,2,12,2.0
147909,152,prior,3,2,09,7.0
1854701,152,prior,4,4,09,9.0
2200108,152,prior,5,1,15,11.0
1712459,152,prior,6,5,10,4.0
1245076,152,prior,7,2,19,4.0
2907694,152,prior,8,6,22,4.0
924113,152,prior,9,0,13,8.0
2756477,152,prior,10,5,17,5.0
3038982,152,prior,11,1,11,10.0
2946026,152,prior,12,4,20,3.0
643596,152,prior,13,3,16,6.0
613209,152,prior,14,5,10,2.0
2211577,152,prior,15,6,08,8.0
1922288,152,prior,16,2,20,3.0
1809598,152,prior,17,5,12,3.0
970444,152,prior,18,0,22,2.0
1836668,152,prior,19,3,18,3.0
2499695,152,prior,20,5,16,2.0
743763,152,prior,21,0,12,2.0
2911214,152,prior,22,3,18,3.0
1674773,152,prior,23,5,12,2.0
422682,152,prior,24,1,16,3.0
112762,152,prior,25,2,15,1.0
3347385,152,prior,26,1,18,6.0
2682614,152,prior,27,3,10,2.0
2484633,152,prior,28,6,16,3.0
956751,152,prior,29,0,18,1.0
2810308,152,prior,30,5,15,5.0
1859651,152,prior,31,6,09,8.0
1703303,152,prior,32,4,11,5.0
3160814,152,prior,33,5,14,8.0
1967707,152,prior,34,4,12,6.0
491565,152,prior,35,4,09,7.0
2715648,152,prior,36,3,11,6.0
2720800,152,prior,37,1,17,5.0
2391035,152,prior,38,5,20,4.0
1384267,152,prior,39,4,17,6.0
952401,152,prior,40,0,08,10.0
719804,152,prior,41,0,08,7.0
2006607,152,prior,42,5,15,5.0
2921279,152,prior,43,0,07,9.0
1822656,152,prior,44,0,09,7.0
3228633,152,prior,45,5,19,5.0
1588776,152,prior,46,6,08,8.0
1726235,152,prior,47,4,17,5.0
964275,152,prior,48,0,07,10.0
342689,152,prior,49,1,17,8.0
2445569,152,prior,50,0,15,6.0
1462338,152,prior,51,5,16,5.0
1994452,152,prior,52,5,19,7.0
849822,152,prior,53,3,12,5.0
3145654,152,prior,54,1,18,5.0
3292196,152,prior,55,2,14,22.0
3377402,152,prior,56,0,17,5.0
963744,152,prior,57,2,19,2.0
1476168,152,prior,58,4,12,9.0
2592908,152,prior,59,5,15,8.0
1436848,152,prior,60,5,12,7.0
1145037,152,prior,61,0,16,9.0
2722433,152,prior,62,1,17,8.0
1921187,152,prior,63,4,18,3.0
2907894,152,prior,64,0,15,3.0
2200393,152,prior,65,1,12,1.0
2588536,152,test,66,5,16,4.0
2488946,153,prior,1,0,13,
742416,153,prior,2,5,13,12.0
2404090,153,prior,3,0,12,9.0
3269378,153,prior,4,4,16,11.0
335969,153,prior,5,6,18,9.0
500681,153,prior,6,0,23,15.0
1757937,153,prior,7,0,17,7.0
2912365,153,prior,8,1,16,8.0
1730857,153,prior,9,1,14,28.0
764699,153,prior,10,1,12,7.0
2466682,153,prior,11,5,20,11.0
2384228,153,prior,12,0,16,9.0
44449,153,prior,13,0,16,7.0
3221626,153,prior,14,1,16,8.0
1123930,153,prior,15,0,11,6.0
111429,153,prior,16,0,17,14.0
3222921,153,prior,17,0,17,21.0
276745,153,prior,18,0,18,14.0
580151,153,prior,19,0,21,7.0
1658650,153,test,20,0,19,7.0
528130,154,prior,1,0,15,
3200961,154,prior,2,1,21,1.0
465807,154,prior,3,1,15,7.0
3129053,154,prior,4,0,21,13.0
356633,154,prior,5,0,18,7.0
1257624,154,prior,6,2,09,9.0
759622,154,prior,7,2,09,7.0
538626,154,prior,8,3,16,30.0
2746442,154,prior,9,1,09,12.0
837645,154,prior,10,1,09,7.0
690218,154,prior,11,1,14,7.0
198392,154,prior,12,1,23,7.0
2713504,154,prior,13,1,13,14.0
512704,154,prior,14,2,11,22.0
1630745,154,prior,15,2,09,7.0
3286810,154,prior,16,2,16,14.0
2588355,154,prior,17,0,22,12.0
2616266,154,prior,18,0,21,7.0
1700318,154,prior,19,1,12,8.0
1186663,154,prior,20,1,12,7.0
1747812,154,prior,21,1,14,7.0
2281502,154,prior,22,1,12,7.0
2906369,154,prior,23,1,16,14.0
2247029,154,prior,24,0,20,6.0
1502913,154,prior,25,2,08,16.0
2690751,154,prior,26,1,13,6.0
1993813,154,prior,27,1,10,7.0
206722,154,prior,28,3,14,9.0
60318,154,prior,29,0,10,4.0
803322,154,prior,30,0,22,14.0
2759959,154,prior,31,1,11,8.0
1571393,154,prior,32,0,18,13.0
1816583,154,prior,33,1,11,8.0
263139,154,prior,34,1,11,7.0
2812291,154,prior,35,5,13,4.0
36740,154,test,36,4,11,6.0
228437,155,prior,1,1,12,
122604,155,prior,2,4,20,10.0
2402663,155,prior,3,0,11,3.0
257761,155,prior,4,1,10,22.0
2772122,155,prior,5,0,08,13.0
666435,155,prior,6,1,13,8.0
1296427,155,prior,7,4,15,17.0
3222720,155,prior,8,3,14,30.0
3103333,155,prior,9,1,14,26.0
3052893,155,prior,10,1,13,14.0
1438105,155,prior,11,1,16,7.0
119858,155,prior,12,2,11,8.0
3415043,155,prior,13,3,00,22.0
1997753,155,prior,14,2,22,13.0
5640,155,prior,15,2,00,28.0
1253654,155,prior,16,0,21,12.0
938110,155,prior,17,2,18,23.0
293417,155,prior,18,0,21,19.0
1624852,155,prior,19,2,11,2.0
1225418,155,prior,20,1,16,20.0
2839132,155,prior,21,5,02,30.0
968800,155,prior,22,6,21,1.0
1897207,155,train,23,1,00,9.0
2282868,156,prior,1,0,14,
399474,156,prior,2,0,09,14.0
582863,156,prior,3,5,18,5.0
2675738,156,test,4,0,09,9.0
3125271,157,prior,1,1,16,
365516,157,prior,2,6,17,5.0
1964256,157,prior,3,4,18,5.0
3051508,157,prior,4,3,15,6.0
3294802,157,train,5,0,14,4.0
2552279,158,prior,1,6,10,
1330763,158,prior,2,4,14,12.0
1755775,158,prior,3,1,17,11.0
1908950,158,prior,4,1,15,21.0
3156335,158,prior,5,0,15,13.0
3052059,158,test,6,0,10,30.0
1066654,159,prior,1,3,16,
3362903,159,prior,2,4,14,15.0
24217,159,prior,3,4,09,30.0
2240234,159,prior,4,4,12,21.0
2943466,159,test,5,3,16,30.0
2955606,160,prior,1,1,03,
3159678,160,prior,2,1,03,14.0
2604109,160,prior,3,1,05,21.0
219970,160,prior,4,6,11,12.0
1314510,160,prior,5,2,06,17.0
1168548,160,prior,6,3,14,15.0
1643899,160,prior,7,1,04,12.0
3011063,160,prior,8,0,16,27.0
2608162,160,prior,9,0,18,21.0
567775,160,prior,10,2,19,9.0
2404259,160,prior,11,2,20,7.0
1381002,160,prior,12,1,01,6.0
2133144,160,train,13,0,17,13.0
1688165,161,prior,1,6,15,
1118278,161,prior,2,4,22,5.0
2259934,161,prior,3,4,09,7.0
2719869,161,prior,4,3,09,6.0
84983,161,prior,5,2,21,6.0
651160,161,prior,6,6,17,4.0
544054,161,prior,7,0,22,15.0
2940096,161,prior,8,0,22,30.0
2060581,161,prior,9,2,23,9.0
3387522,161,prior,10,4,22,9.0
1837870,161,prior,11,1,22,30.0
1309888,161,prior,12,5,21,18.0
478547,161,prior,13,6,19,30.0
2621448,161,prior,14,6,09,30.0
2806667,161,prior,15,1,09,23.0
2826783,161,prior,16,4,12,17.0
772348,161,prior,17,5,21,22.0
2706850,161,prior,18,1,10,10.0
1516335,161,prior,19,0,15,20.0
3369087,161,prior,20,1,20,22.0
3123006,161,train,21,0,15,20.0
369377,162,prior,1,5,18,
1001083,162,prior,2,0,19,2.0
2531139,162,prior,3,3,16,3.0
754438,162,prior,4,3,18,7.0
389096,162,prior,5,0,00,4.0
1392380,162,prior,6,0,17,0.0
632771,162,prior,7,1,12,29.0
2570588,162,prior,8,2,14,1.0
713051,162,prior,9,3,19,8.0
1000289,162,prior,10,5,17,2.0
824612,162,prior,11,2,18,4.0
2754673,162,prior,12,6,20,4.0
2714981,162,prior,13,5,17,6.0
3076678,162,prior,14,1,14,3.0
3400496,162,test,15,5,18,4.0
2870934,163,prior,1,6,11,
575891,163,prior,2,1,09,9.0
2947789,163,prior,3,3,07,2.0
1052642,163,prior,4,1,08,5.0
1859137,163,prior,5,1,10,14.0
1297607,163,prior,6,0,18,27.0
1013902,163,prior,7,1,22,1.0
635454,163,prior,8,3,08,2.0
2026444,163,prior,9,6,11,17.0
3225182,163,prior,10,4,10,12.0
1598666,163,prior,11,4,21,0.0
2564128,163,train,12,1,23,11.0
2613646,164,prior,1,1,08,
1140288,164,prior,2,6,15,12.0
2793840,164,prior,3,1,21,16.0
1424294,164,prior,4,3,09,16.0
28065,164,prior,5,6,10,30.0
2605487,164,prior,6,1,08,16.0
2461513,164,prior,7,3,12,16.0
54200,164,prior,8,6,16,10.0
1389489,164,prior,9,0,10,8.0
2940653,164,prior,10,6,22,30.0
2608262,164,train,11,4,09,19.0
928797,165,prior,1,0,13,
1396865,165,prior,2,0,15,7.0
1731306,165,prior,3,5,11,30.0
1404340,165,prior,4,3,11,30.0
3133892,165,prior,5,4,11,15.0
311101,165,prior,6,0,17,17.0
2604407,165,prior,7,6,18,27.0
1920100,165,test,8,3,15,30.0
2033461,166,prior,1,0,09,
2310173,166,prior,2,3,09,30.0
698299,166,prior,3,0,08,30.0
2891652,166,prior,4,5,13,30.0
2326130,166,prior,5,1,15,10.0
993136,166,prior,6,3,11,16.0
2993890,166,test,7,3,06,21.0
1938525,167,prior,1,6,15,
665967,167,prior,2,6,17,30.0
643719,167,prior,3,6,09,14.0
1881925,167,prior,4,1,15,16.0
3250020,167,prior,5,0,13,20.0
2742787,167,train,6,0,11,7.0
2923608,168,prior,1,5,16,
970863,168,prior,2,6,11,8.0
3264798,168,prior,3,2,16,3.0
2077777,168,prior,4,3,14,15.0
773208,168,prior,5,0,16,4.0
1598412,168,prior,6,2,14,30.0
2108644,168,prior,7,6,16,30.0
2072660,168,prior,8,5,08,6.0
1440213,168,prior,9,1,14,10.0
38018,168,prior,10,4,13,3.0
1981078,168,prior,11,0,20,3.0
2180387,168,prior,12,6,08,6.0
643127,168,prior,13,5,14,13.0
1987342,168,prior,14,2,21,4.0
1250840,168,prior,15,1,13,6.0
113232,168,prior,16,5,09,4.0
805297,168,prior,17,0,09,2.0
2667891,168,prior,18,0,08,7.0
1438875,168,prior,19,3,12,17.0
778034,168,prior,20,3,17,0.0
120590,168,prior,21,1,11,5.0
1765456,168,prior,22,2,11,8.0
1172828,168,test,23,2,13,7.0
773377,169,prior,1,4,16,
1447250,169,prior,2,4,17,21.0
114213,169,prior,3,1,15,30.0
1028598,169,prior,4,5,09,25.0
419354,169,prior,5,5,12,7.0
570511,169,prior,6,4,17,6.0
767489,169,train,7,2,12,30.0
3126026,170,prior,1,1,16,
2066764,170,prior,2,1,09,30.0
2772634,170,prior,3,2,09,30.0
2587424,170,test,4,4,18,30.0
1537799,171,prior,1,1,17,
2794396,171,prior,2,4,07,3.0
274499,171,prior,3,5,19,1.0
2900734,171,prior,4,6,14,15.0
834243,171,prior,5,0,12,15.0
3077073,171,prior,6,6,14,20.0
1500681,171,train,7,0,15,8.0
2985109,172,prior,1,5,19,
2075795,172,prior,2,3,09,5.0
1397050,172,prior,3,1,16,19.0
2500007,172,prior,4,1,13,7.0
1219501,172,prior,5,2,09,8.0
352379,172,prior,6,2,13,14.0
2760277,172,test,7,1,10,20.0
1288073,173,prior,1,3,18,
1316394,173,prior,2,2,16,6.0
1856802,173,prior,3,6,11,4.0
1953050,173,prior,4,4,14,5.0
66496,173,prior,5,2,11,5.0
3403415,173,prior,6,3,11,30.0
1745578,173,prior,7,1,13,5.0
1587988,173,prior,8,3,11,2.0
386624,173,prior,9,4,11,1.0
1918376,173,prior,10,1,17,4.0
4307,173,prior,11,3,16,2.0
1538979,173,prior,12,0,12,4.0
623710,173,prior,13,3,08,3.0
2119357,173,prior,14,1,19,5.0
917629,173,prior,15,1,10,7.0
2653491,173,prior,16,5,11,4.0
1437090,173,prior,17,2,10,4.0
3338972,173,prior,18,1,08,6.0
1783994,173,prior,19,4,12,3.0
2445600,173,prior,20,3,10,13.0
1796668,173,prior,21,4,09,1.0
1424588,173,prior,22,1,09,4.0
3227144,173,prior,23,0,15,6.0
721291,173,prior,24,4,11,18.0
115973,173,prior,25,3,10,6.0
1136676,173,prior,26,2,10,6.0
1464371,173,prior,27,2,19,0.0
3325848,173,prior,28,4,10,9.0
642371,173,prior,29,2,12,5.0
3246512,173,prior,30,0,21,5.0
1059506,173,prior,31,4,14,4.0
392270,173,prior,32,5,11,8.0
3219498,173,prior,33,4,10,6.0
1065067,173,prior,34,1,11,4.0
2511762,173,prior,35,4,15,3.0
2230378,173,prior,36,3,11,6.0
3113449,173,prior,37,4,10,1.0
222009,173,prior,38,6,09,2.0
565184,173,prior,39,1,11,2.0
3377958,173,prior,40,2,10,8.0
691475,173,prior,41,3,10,8.0
306455,173,prior,42,2,10,6.0
2944147,173,prior,43,0,14,5.0
747657,173,prior,44,1,10,15.0
2060922,173,train,45,2,09,15.0
3258437,174,prior,1,5,12,
2717674,174,prior,2,3,21,30.0
3305949,174,prior,3,5,17,2.0
2143916,174,prior,4,0,17,23.0
491572,174,prior,5,2,17,16.0
1454402,174,prior,6,5,14,24.0
3198434,174,prior,7,1,15,3.0
3129852,174,prior,8,0,12,6.0
228667,174,prior,9,0,16,7.0
539529,174,prior,10,3,18,3.0
2438283,174,prior,11,0,16,11.0
2055941,174,prior,12,3,19,24.0
235402,174,prior,13,4,14,8.0
1640518,174,prior,14,0,14,3.0
668180,174,prior,15,4,16,4.0
662606,174,prior,16,2,14,5.0
2405543,174,prior,17,5,14,10.0
2821678,174,prior,18,4,15,6.0
85209,174,prior,19,0,15,10.0
3312431,174,prior,20,2,16,2.0
1003212,174,prior,21,1,16,30.0
1746076,174,prior,22,0,10,13.0
559688,174,prior,23,0,17,7.0
2510944,174,prior,24,5,13,12.0
1945064,174,prior,25,0,16,16.0
996987,174,prior,26,0,14,7.0
1725709,174,prior,27,4,17,11.0
537105,174,train,28,6,11,9.0
1290053,175,prior,1,1,08,
2461831,175,prior,2,2,21,1.0
3063200,175,prior,3,4,16,2.0
205495,175,prior,4,3,22,6.0
1456009,175,prior,5,5,10,2.0
1281771,175,prior,6,0,23,2.0
634160,175,prior,7,3,12,3.0
3147245,175,prior,8,4,08,1.0
329132,175,prior,9,0,15,10.0
1383918,175,prior,10,1,16,1.0
827491,175,prior,11,3,11,9.0
980430,175,prior,12,2,17,6.0
288866,175,prior,13,1,15,6.0
914512,175,prior,14,3,13,2.0
1785787,175,prior,15,1,08,5.0
3341980,175,prior,16,4,10,3.0
1197228,175,prior,17,5,14,8.0
1220438,175,prior,18,1,14,10.0
1318861,175,prior,19,3,08,9.0
390962,175,prior,20,4,09,1.0
1774680,175,prior,21,1,14,11.0
3048271,175,prior,22,3,20,9.0
1603592,175,prior,23,3,13,7.0
1505214,175,train,24,3,09,7.0
1173120,176,prior,1,1,17,
30855,176,prior,2,1,12,21.0
806599,176,prior,3,1,16,30.0
919208,176,prior,4,2,14,30.0
2944045,176,prior,5,0,16,30.0
1075956,176,prior,6,1,13,8.0
2433199,176,train,7,6,16,19.0
2735511,177,prior,1,6,03,
3382716,177,prior,2,4,11,12.0
1597789,177,prior,3,0,13,3.0
3165634,177,prior,4,1,14,8.0
1520754,177,prior,5,1,13,14.0
3098600,177,prior,6,3,13,2.0
1238752,177,prior,7,0,12,4.0
2389540,177,prior,8,4,19,11.0
563989,177,prior,9,0,09,3.0
3254667,177,prior,10,5,18,5.0
793557,177,prior,11,0,20,9.0
485527,177,prior,12,0,17,7.0
3106222,177,prior,13,5,12,5.0
1169336,177,prior,14,5,13,0.0
2691733,177,test,15,0,21,9.0
872089,178,prior,1,5,10,
1414538,178,prior,2,4,19,6.0
1391948,178,prior,3,1,16,11.0
3124007,178,prior,4,1,08,30.0
1648965,178,prior,5,2,17,15.0
3412247,178,train,6,2,09,7.0
1517273,179,prior,1,6,18,
635418,179,prior,2,2,18,10.0
3125203,179,prior,3,5,15,10.0
2238420,179,prior,4,1,13,30.0
1439679,179,prior,5,0,07,30.0
1464402,179,train,6,1,20,15.0
2235187,180,prior,1,2,09,
375787,180,prior,2,6,10,30.0
3000001,180,prior,3,6,12,28.0
1510828,180,prior,4,6,10,28.0
982722,180,prior,5,2,12,17.0
2849643,180,prior,6,6,09,18.0
2769561,180,test,7,5,10,30.0
1298372,181,prior,1,0,14,
3256630,181,prior,2,0,16,7.0
1075237,181,prior,3,2,13,30.0
2679362,181,prior,4,1,16,13.0
3228766,181,prior,5,1,14,30.0
564668,181,prior,6,1,12,14.0
2398097,181,prior,7,1,15,30.0
1009554,181,prior,8,1,14,14.0
1629880,181,prior,9,1,21,14.0
489947,181,prior,10,5,12,30.0
2029462,181,test,11,2,14,30.0
3347029,182,prior,1,6,17,
819518,182,prior,2,5,21,13.0
2641102,182,prior,3,5,19,7.0
1373098,182,prior,4,5,20,7.0
1634275,182,prior,5,5,08,7.0
1318036,182,prior,6,1,10,10.0
3060573,182,prior,7,2,07,15.0
2927988,182,prior,8,6,11,4.0
2646259,182,prior,9,6,11,30.0
1497609,182,prior,10,0,14,15.0
1592002,182,prior,11,6,17,13.0
1373985,182,prior,12,6,13,7.0
1011553,182,prior,13,6,13,7.0
1357805,182,prior,14,6,11,7.0
1830619,182,prior,15,0,12,30.0
1283721,182,prior,16,0,20,7.0
1374768,182,prior,17,0,15,14.0
1087212,182,prior,18,2,17,16.0
377739,182,prior,19,6,17,11.0
303723,182,prior,20,6,09,7.0
866391,182,prior,21,0,14,15.0
2996849,182,prior,22,1,14,15.0
358392,182,prior,23,6,15,5.0
1046552,182,prior,24,0,14,15.0
2157440,182,prior,25,5,19,26.0
2750011,182,prior,26,5,21,7.0
1817659,182,test,27,6,17,15.0
376841,183,prior,1,2,17,
3379815,183,prior,2,5,15,3.0
2661186,183,prior,3,0,19,9.0
3374094,183,prior,4,1,16,30.0
1007973,183,train,5,6,14,19.0
2712884,184,prior,1,3,16,
737197,184,prior,2,2,17,30.0
2568489,184,prior,3,1,13,30.0
146945,184,prior,4,4,07,30.0
2144515,184,prior,5,4,14,14.0
2029193,184,prior,6,1,16,11.0
1554780,184,prior,7,5,18,30.0
893725,184,prior,8,0,22,30.0
1853660,184,prior,9,6,16,20.0
252656,184,prior,10,3,12,30.0
2291360,184,prior,11,0,11,4.0
3362166,184,train,12,6,12,30.0
2076154,185,prior,1,4,11,
1861943,185,prior,2,1,12,25.0
2715904,185,prior,3,3,10,30.0
3350322,185,prior,4,5,07,30.0
2377728,185,prior,5,2,14,30.0
1779324,185,prior,6,2,13,30.0
2887658,185,train,7,2,11,30.0
356906,186,prior,1,6,04,
2670094,186,prior,2,3,17,18.0
2092143,186,prior,3,6,15,3.0
930353,186,prior,4,1,12,30.0
533135,186,prior,5,0,13,20.0
1433580,186,prior,6,6,16,6.0
299860,186,prior,7,6,10,7.0
470997,186,test,8,4,12,5.0
889228,187,prior,1,3,11,
1103718,187,prior,2,0,14,4.0
1637113,187,prior,3,5,12,5.0
2096989,187,prior,4,1,17,3.0
2146727,187,prior,5,5,18,4.0
2267770,187,prior,6,6,12,1.0
1371918,187,prior,7,3,09,4.0
2774796,187,prior,8,6,19,3.0
2935313,187,prior,9,0,15,1.0
2998162,187,prior,10,3,12,10.0
1882461,187,prior,11,2,11,6.0
1405292,187,prior,12,4,10,2.0
2753539,187,prior,13,1,10,4.0
1252793,187,prior,14,2,08,1.0
2564917,187,prior,15,0,05,5.0
1253771,187,prior,16,1,13,1.0
751250,187,prior,17,0,18,27.0
3228672,187,prior,18,5,11,30.0
2298326,187,prior,19,4,14,6.0
229217,187,prior,20,5,14,8.0
1516111,187,prior,21,1,12,3.0
1155527,187,prior,22,2,16,1.0
1301180,187,prior,23,0,12,30.0
2636177,187,prior,24,1,15,8.0
293015,187,prior,25,2,15,1.0
34164,187,prior,26,1,14,13.0
388948,187,prior,27,3,16,2.0
671190,187,prior,28,3,16,7.0
871819,187,prior,29,6,16,3.0
926993,187,prior,30,0,16,1.0
1921094,187,prior,31,1,15,15.0
984705,187,prior,32,2,14,8.0
475324,187,train,33,5,15,3.0
2527449,188,prior,1,0,10,
1229736,188,prior,2,6,12,6.0
1751717,188,prior,3,2,06,17.0
1873606,188,prior,4,5,16,3.0
2426134,188,prior,5,3,13,5.0
569815,188,test,6,0,09,4.0
97801,189,prior,1,4,09,
1629068,189,prior,2,2,18,5.0
2154001,189,prior,3,0,19,12.0
1869102,189,prior,4,1,20,15.0
750241,189,prior,5,2,20,22.0
2906782,189,prior,6,1,18,13.0
191781,189,prior,7,1,19,21.0
2185259,189,prior,8,5,15,18.0
648847,189,prior,9,1,14,10.0
2860048,189,prior,10,2,20,15.0
3158223,189,prior,11,2,22,30.0
2715293,189,train,12,4,18,2.0
152323,190,prior,1,3,10,
1805001,190,prior,2,4,15,8.0
2573321,190,prior,3,5,00,8.0
1310203,190,prior,4,6,14,1.0
2744804,190,prior,5,4,09,5.0
3287976,190,prior,6,6,02,2.0
2051365,190,prior,7,0,11,30.0
950995,190,prior,8,6,17,30.0
1905066,190,prior,9,5,18,13.0
928818,190,prior,10,3,15,5.0
530917,190,prior,11,5,15,2.0
976113,190,prior,12,4,09,30.0
635604,190,prior,13,1,22,30.0
519383,190,prior,14,1,17,14.0
2677377,190,prior,15,2,16,15.0
1638609,190,prior,16,2,15,30.0
627893,190,prior,17,0,12,12.0
2517930,190,test,18,0,15,14.0
2623186,191,prior,1,3,11,
898820,191,prior,2,3,13,0.0
2137457,191,prior,3,3,15,7.0
1604803,191,prior,4,3,14,7.0
1308123,191,train,5,1,15,5.0
2182834,192,prior,1,1,10,
1575616,192,prior,2,1,10,30.0
3058741,192,prior,3,2,10,29.0
2167437,192,prior,4,6,15,30.0
2710933,192,prior,5,2,09,30.0
3155162,192,train,6,1,12,30.0
238653,193,prior,1,2,09,
3306506,193,prior,2,1,11,13.0
1041720,193,prior,3,1,17,21.0
2875207,193,prior,4,1,14,14.0
2179710,193,prior,5,4,10,30.0
1962299,193,train,6,4,10,14.0
2145664,194,prior,1,2,16,
1888833,194,prior,2,6,12,18.0
1235202,194,prior,3,4,18,12.0
686468,194,prior,4,1,12,11.0
1566105,194,prior,5,6,17,30.0
1281713,194,prior,6,4,08,30.0
55124,194,prior,7,5,18,30.0
3056169,194,prior,8,5,18,0.0
3408134,194,prior,9,0,13,9.0
2378064,194,test,10,4,19,4.0
2040988,195,prior,1,1,14,
2247949,195,prior,2,5,15,4.0
28047,195,prior,3,0,13,9.0
3094213,195,prior,4,1,08,15.0
2699449,195,prior,5,4,09,3.0
2443791,195,prior,6,1,09,4.0
739290,195,prior,7,4,09,3.0
1680569,195,prior,8,1,09,4.0
1991051,195,prior,9,5,10,4.0
2186781,195,prior,10,1,11,3.0
2213852,195,prior,11,4,09,3.0
2969331,195,prior,12,5,14,1.0
2925383,195,prior,13,1,18,10.0
1302290,195,prior,14,2,08,8.0
3278937,195,prior,15,2,08,0.0
2254988,195,prior,16,4,18,2.0
1357499,195,prior,17,2,09,5.0
1946131,195,prior,18,2,08,7.0
276171,195,prior,19,5,11,3.0
3387727,195,prior,20,1,10,10.0
2661660,195,prior,21,5,15,4.0
2744976,195,prior,22,5,10,7.0
1017813,195,prior,23,5,16,7.0
373581,195,prior,24,4,11,6.0
2781919,195,prior,25,1,14,4.0
1190066,195,prior,26,4,17,3.0
1442427,195,prior,27,3,09,6.0
1896889,195,prior,28,5,11,2.0
3334200,195,prior,29,5,10,7.0
1205026,195,prior,30,5,11,7.0
1738718,195,prior,31,2,08,4.0
3140466,195,prior,32,1,07,13.0
952829,195,prior,33,4,17,3.0
3058369,195,prior,34,3,10,6.0
1684209,195,prior,35,5,11,2.0
85844,195,prior,36,2,09,25.0
1485596,195,prior,37,2,15,0.0
2173254,195,prior,38,1,08,13.0
887706,195,prior,39,1,08,7.0
417035,195,prior,40,3,16,2.0
2779493,195,prior,41,4,16,1.0
1965520,195,prior,42,4,11,7.0
152330,195,prior,43,5,14,1.0
910030,195,prior,44,5,09,7.0
476868,195,prior,45,5,10,7.0
882353,195,prior,46,3,09,5.0
1615297,195,prior,47,5,10,2.0
690433,195,prior,48,1,13,3.0
176934,195,prior,49,1,15,7.0
2257634,195,prior,50,5,12,4.0
1113934,195,prior,51,1,15,10.0
1765587,195,prior,52,3,12,2.0
1199792,195,prior,53,5,12,2.0
42996,195,prior,54,5,15,7.0
2500838,195,prior,55,1,21,10.0
121548,195,prior,56,1,10,7.0
745908,195,prior,57,4,11,3.0
2857448,195,prior,58,5,16,1.0
1458129,195,train,59,4,11,6.0
2039840,196,prior,1,3,15,
2939236,196,prior,2,1,08,26.0
3094972,196,prior,3,1,21,30.0
169451,196,test,4,4,16,10.0
2483382,197,prior,1,4,12,
1849035,197,prior,2,1,09,4.0
2265158,197,prior,3,5,09,4.0
1306060,197,prior,4,1,09,3.0
3083377,197,prior,5,3,08,2.0
843713,197,prior,6,0,15,4.0
235707,197,prior,7,6,14,6.0
2890752,197,prior,8,0,19,1.0
1623365,197,prior,9,5,11,5.0
248146,197,prior,10,6,12,1.0
1033381,197,prior,11,6,15,7.0
2650221,197,prior,12,4,20,5.0
3273399,197,prior,13,6,16,2.0
1787495,197,prior,14,6,15,7.0
1303577,197,prior,15,6,15,7.0
1770829,197,prior,16,0,13,1.0
3272626,197,prior,17,3,21,3.0
2622918,197,prior,18,0,12,4.0
3142311,197,prior,19,3,19,3.0
1360600,197,prior,20,4,21,1.0
739987,197,train,21,6,16,2.0
809423,198,prior,1,1,13,
2063274,198,prior,2,4,12,3.0
525584,198,prior,3,3,19,30.0
1180412,198,prior,4,0,12,11.0
2765724,198,prior,5,1,13,22.0
3048264,198,train,6,2,13,8.0
1654875,199,prior,1,6,13,
2900813,199,prior,2,6,11,7.0
2767607,199,prior,3,2,13,10.0
2066158,199,train,4,6,10,30.0
380579,200,prior,1,4,10,
1693622,200,prior,2,3,11,6.0
1350231,200,prior,3,2,13,6.0
3317740,200,prior,4,2,14,28.0
2171750,200,prior,5,5,12,17.0
124049,200,prior,6,5,13,21.0
2438149,200,prior,7,2,17,30.0
1025893,200,prior,8,2,19,30.0
363400,200,prior,9,0,18,30.0
2986791,200,test,10,1,22,30.0